Time:,"1 day, 9:29:50.398370"
MSE,Epochs,Batch size
0.03773708021976119,1.0,1.0
0.05052613606019691,1.0,10.0
0.04484681198115804,1.0,20.0
0.045168063467153186,1.0,30.0
0.04205518981832962,1.0,40.0
0.041582942518825494,1.0,50.0
0.044330690862475514,1.0,60.0
0.043657406256003804,1.0,70.0
0.04451745069676137,1.0,80.0
0.04196731969065194,1.0,90.0
0.04378871113116317,1.0,100.0
0.04515234396684738,1.0,110.0
0.04359484995076767,1.0,120.0
0.04633182975889768,1.0,130.0
0.04370134398803731,1.0,140.0
0.04556321274297447,1.0,150.0
0.044955787918771015,1.0,160.0
0.04558134383507713,1.0,170.0
0.04500449438553884,1.0,180.0
0.04342925668510964,1.0,190.0
0.04652846227758919,1.0,200.0
0.04359091924736691,1.0,210.0
0.04521363466180585,1.0,220.0
0.047367454478609405,1.0,230.0
0.04830273394180647,1.0,240.0
0.06028024924372333,1.0,250.0
0.04488706016154774,1.0,260.0
0.04635106364481928,1.0,270.0
0.042715322386923646,1.0,280.0
0.045490875661137235,1.0,290.0
0.0525363520737725,1.0,300.0
0.05061517572408086,1.0,310.0
0.04183523759021103,1.0,320.0
0.044916926634585595,1.0,330.0
0.04514966396529001,1.0,340.0
0.04461397435670335,1.0,350.0
0.061018669714409085,1.0,360.0
0.0446000168494107,1.0,370.0
0.06086046952678109,1.0,380.0
0.04775860217956525,1.0,390.0
0.044400950873155265,1.0,400.0
0.0625176236333476,1.0,410.0
0.04916160870771191,1.0,420.0
0.056248221761511265,1.0,430.0
0.052222454217487856,1.0,440.0
0.06350391355428867,1.0,450.0
0.04728542853266593,1.0,460.0
0.04403142338930495,1.0,470.0
0.05245604061247158,1.0,480.0
0.0671678534717123,1.0,490.0
0.05277744938261288,1.0,500.0
0.0880655677543371,10.0,1.0
0.046104162177845305,10.0,10.0
0.06123248597026021,10.0,20.0
0.04413901214795279,10.0,30.0
0.04386993990237918,10.0,40.0
0.03859380053285032,10.0,50.0
0.03619815651624266,10.0,60.0
0.03412747545885325,10.0,70.0
0.03723893228851532,10.0,80.0
0.03918847397067472,10.0,90.0
0.032355789199766456,10.0,100.0
0.028089509584179693,10.0,110.0
0.03943318514143031,10.0,120.0
0.03850536289897824,10.0,130.0
0.038657480546273826,10.0,140.0
0.04250465507955651,10.0,150.0
0.03415277119147818,10.0,160.0
0.05929257846202415,10.0,170.0
0.036177835260701605,10.0,180.0
0.044237655938715065,10.0,190.0
0.040214538549045296,10.0,200.0
0.03995458739380394,10.0,210.0
0.037549155046924486,10.0,220.0
0.03681282309952273,10.0,230.0
0.037593015318210264,10.0,240.0
0.03997688123202779,10.0,250.0
0.052819184076914556,10.0,260.0
0.0428065391815917,10.0,270.0
0.04454453340292308,10.0,280.0
0.043078142215196846,10.0,290.0
0.03881507838707394,10.0,300.0
0.036663300071275065,10.0,310.0
0.04281059416051097,10.0,320.0
0.038660591349640346,10.0,330.0
0.0406132816513574,10.0,340.0
0.04498288700925113,10.0,350.0
0.0425364385781979,10.0,360.0
0.044003163954211076,10.0,370.0
0.04009954903526613,10.0,380.0
0.0442655286119224,10.0,390.0
0.04076600445103569,10.0,400.0
0.04024788068662421,10.0,410.0
0.045950055151392055,10.0,420.0
0.04233100005902429,10.0,430.0
0.04189576570230829,10.0,440.0
0.04050033163583957,10.0,450.0
0.0404652355883194,10.0,460.0
0.04109547038993537,10.0,470.0
0.042761522180172706,10.0,480.0
0.042705554405516453,10.0,490.0
0.04421683270643738,10.0,500.0
0.057659550441111776,20.0,1.0
0.053300423172395674,20.0,10.0
0.03594151889551492,20.0,20.0
0.03744971608883112,20.0,30.0
0.055725358354048266,20.0,40.0
0.03639580922009465,20.0,50.0
0.05357040779572827,20.0,60.0
0.05403367907129435,20.0,70.0
0.038441799468152474,20.0,80.0
0.037483274388714814,20.0,90.0
0.03547191184795177,20.0,100.0
0.040790046691647555,20.0,110.0
0.05630104413389857,20.0,120.0
0.04858520001516601,20.0,130.0
0.036413656384452896,20.0,140.0
0.03433421027357086,20.0,150.0
0.04060507157643966,20.0,160.0
0.05698693059115724,20.0,170.0
0.047302470527466285,20.0,180.0
0.044829503518075325,20.0,190.0
0.03384311865938203,20.0,200.0
0.03587577192184055,20.0,210.0
0.03706879893383317,20.0,220.0
0.05625083649823771,20.0,230.0
0.05733744007237991,20.0,240.0
0.038686755378098056,20.0,250.0
0.05112485197341643,20.0,260.0
0.05721099719403449,20.0,270.0
0.036809986771720364,20.0,280.0
0.042060493830986576,20.0,290.0
0.05866223117263241,20.0,300.0
0.06926123859231716,20.0,310.0
0.042544991673593664,20.0,320.0
0.03814530119919834,20.0,330.0
0.04973293119943788,20.0,340.0
0.037762989958718296,20.0,350.0
0.049653218216961864,20.0,360.0
0.03348320406794185,20.0,370.0
0.03538996408047778,20.0,380.0
0.05011788251233855,20.0,390.0
0.03221326081189828,20.0,400.0
0.03945227788960466,20.0,410.0
0.04087532759897529,20.0,420.0
0.04099536319155962,20.0,430.0
0.04120851570146826,20.0,440.0
0.036850180809644875,20.0,450.0
0.03893411091671718,20.0,460.0
0.04095676786699874,20.0,470.0
0.042073327752047265,20.0,480.0
0.03969040075874771,20.0,490.0
0.04358733813882167,20.0,500.0
0.07274964021276517,30.0,1.0
0.06552063169851838,30.0,10.0
0.0474922635462306,30.0,20.0
0.0464643603920099,30.0,30.0
0.04743202837474445,30.0,40.0
0.07560978691241606,30.0,50.0
0.060252777970440326,30.0,60.0
0.07452871210799179,30.0,70.0
0.04389457025398539,30.0,80.0
0.053033526219729316,30.0,90.0
0.04766222251408425,30.0,100.0
0.06540569518313047,30.0,110.0
0.047294295753623046,30.0,120.0
0.04459271090851913,30.0,130.0
0.04447939433836198,30.0,140.0
0.056265666220518235,30.0,150.0
0.031406464142630895,30.0,160.0
0.0515941638544765,30.0,170.0
0.05526761526397223,30.0,180.0
0.04273270399099422,30.0,190.0
0.05906416291348972,30.0,200.0
0.0533483604870662,30.0,210.0
0.03818787434492476,30.0,220.0
0.06930975819014268,30.0,230.0
0.057565781394931806,30.0,240.0
0.0421045838053215,30.0,250.0
0.06038060045432971,30.0,260.0
0.043891262601770106,30.0,270.0
0.05602096395032583,30.0,280.0
0.04713683881674376,30.0,290.0
0.07066664539153489,30.0,300.0
0.03341055200605055,30.0,310.0
0.07614398414299313,30.0,320.0
0.05029722332914145,30.0,330.0
0.03519114373855829,30.0,340.0
0.03802130653444551,30.0,350.0
0.03739469542396626,30.0,360.0
0.04151814629146218,30.0,370.0
0.036904126248461476,30.0,380.0
0.04199500176098779,30.0,390.0
0.034911755604384725,30.0,400.0
0.0416137517856625,30.0,410.0
0.03938058568768643,30.0,420.0
0.04587559462245383,30.0,430.0
0.03592665357783253,30.0,440.0
0.044261691317344094,30.0,450.0
0.03838800758944267,30.0,460.0
0.04784628994648047,30.0,470.0
0.0434510545250824,30.0,480.0
0.04378878261190852,30.0,490.0
0.045349123169712624,30.0,500.0
0.09792765922009097,40.0,1.0
0.06256581282917753,40.0,10.0
0.04606658764424841,40.0,20.0
0.04314934690590848,40.0,30.0
0.04374151824435436,40.0,40.0
0.12743717099302604,40.0,50.0
0.2082344471938547,40.0,60.0
0.08202086059038632,40.0,70.0
0.06585762155874804,40.0,80.0
0.053705694682381185,40.0,90.0
0.0751975952622328,40.0,100.0
0.0498442456714029,40.0,110.0
0.045776691204688524,40.0,120.0
0.033601649626447336,40.0,130.0
0.057711389197835875,40.0,140.0
0.06236503132224106,40.0,150.0
0.042020087462406736,40.0,160.0
0.039231231654642394,40.0,170.0
0.07383983621235254,40.0,180.0
0.04766595915045126,40.0,190.0
0.07787520361493276,40.0,200.0
0.05238556167140383,40.0,210.0
0.05194883275437336,40.0,220.0
0.039786503648108304,40.0,230.0
0.04707492459140254,40.0,240.0
0.052559887651093096,40.0,250.0
0.03620880891541114,40.0,260.0
0.09268991535292802,40.0,270.0
0.034251316039200494,40.0,280.0
0.0727475248759525,40.0,290.0
0.06864447763921501,40.0,300.0
0.03488099585323398,40.0,310.0
0.04887306285734714,40.0,320.0
0.03523159088677049,40.0,330.0
0.053843019905791725,40.0,340.0
0.028655239111316837,40.0,350.0
0.06207412735220939,40.0,360.0
0.06671611370323505,40.0,370.0
0.04835057024706163,40.0,380.0
0.044534566968047966,40.0,390.0
0.053267675091077826,40.0,400.0
0.05426082049676261,40.0,410.0
0.045920930480490355,40.0,420.0
0.03658587353810032,40.0,430.0
0.037100456542605596,40.0,440.0
0.07399900384688626,40.0,450.0
0.06208341578224817,40.0,460.0
0.04459726127349953,40.0,470.0
0.041256103462956224,40.0,480.0
0.029307121160673244,40.0,490.0
0.035294055256027676,40.0,500.0
0.04644291254874713,50.0,1.0
0.03490172688093843,50.0,10.0
0.0505827666343358,50.0,20.0
0.0685842935909167,50.0,30.0
0.0438921637257897,50.0,40.0
0.08056861074861704,50.0,50.0
0.03785407022866373,50.0,60.0
0.05564209437560678,50.0,70.0
0.049769962172991414,50.0,80.0
0.06628798832653293,50.0,90.0
0.03786253144087849,50.0,100.0
0.06358014650976991,50.0,110.0
0.06712932217356032,50.0,120.0
0.0786727641401473,50.0,130.0
0.045475020963373476,50.0,140.0
0.05488691075258675,50.0,150.0
0.04705070412957082,50.0,160.0
0.05297999527826619,50.0,170.0
0.05922335435202757,50.0,180.0
0.037119960795688134,50.0,190.0
0.06750362218889638,50.0,200.0
0.03553161265690514,50.0,210.0
0.035684558021541836,50.0,220.0
0.06866521449476515,50.0,230.0
0.06305020145447071,50.0,240.0
0.05268966916774048,50.0,250.0
0.06775083339453507,50.0,260.0
0.061753473993068284,50.0,270.0
0.04357342457484314,50.0,280.0
0.05382057125017345,50.0,290.0
0.06890910407234331,50.0,300.0
0.03988090210691539,50.0,310.0
0.04232242372041259,50.0,320.0
0.03305227540208605,50.0,330.0
0.04265044752450329,50.0,340.0
0.04709387939686986,50.0,350.0
0.07816092106214989,50.0,360.0
0.059888233706915824,50.0,370.0
0.0438271105882713,50.0,380.0
0.037509364432082255,50.0,390.0
0.05084694206820061,50.0,400.0
0.04957673463695504,50.0,410.0
0.06941621279372698,50.0,420.0
0.05580734825317664,50.0,430.0
0.041990626016399156,50.0,440.0
0.03390689943222247,50.0,450.0
0.04774206739353557,50.0,460.0
0.029987991825458336,50.0,470.0
0.06798743663747271,50.0,480.0
0.07621645993924997,50.0,490.0
0.03901223260935009,50.0,500.0
0.05592235377113316,60.0,1.0
0.04431811612506949,60.0,10.0
0.10361432878737113,60.0,20.0
0.047437357845586135,60.0,30.0
0.04078010297123117,60.0,40.0
0.04521110692975687,60.0,50.0
0.079590844644153,60.0,60.0
0.10198579943142756,60.0,70.0
0.0939332920052344,60.0,80.0
0.11378007307237356,60.0,90.0
0.04778270192810166,60.0,100.0
0.043673825120656956,60.0,110.0
0.04099502303218193,60.0,120.0
0.05259272005324011,60.0,130.0
0.035825918785497526,60.0,140.0
0.03652970601838061,60.0,150.0
0.06237704746261791,60.0,160.0
0.0440866763044352,60.0,170.0
0.037486652755631844,60.0,180.0
0.04624372843847964,60.0,190.0
0.03833630524377114,60.0,200.0
0.05810529141635585,60.0,210.0
0.05725472924382917,60.0,220.0
0.052213740406814445,60.0,230.0
0.06753478951543453,60.0,240.0
0.03563017523492475,60.0,250.0
0.03424688319230318,60.0,260.0
0.04418989550275909,60.0,270.0
0.053338983558229795,60.0,280.0
0.09476786433155923,60.0,290.0
0.03287929141880597,60.0,300.0
0.08511440661260022,60.0,310.0
0.03490144446132899,60.0,320.0
0.04363550268683925,60.0,330.0
0.043502548004916146,60.0,340.0
0.05763542341623055,60.0,350.0
0.05032331537379846,60.0,360.0
0.06690490813149923,60.0,370.0
0.05109028349816956,60.0,380.0
0.06828790671111586,60.0,390.0
0.03442440892148754,60.0,400.0
0.04126248023262964,60.0,410.0
0.04700122482707338,60.0,420.0
0.05496839141618309,60.0,430.0
0.05468638462089181,60.0,440.0
0.044414876616477375,60.0,450.0
0.04544022737507717,60.0,460.0
0.04366418091434936,60.0,470.0
0.03779597991423691,60.0,480.0
0.04407085741955024,60.0,490.0
0.05630156134976059,60.0,500.0
0.06199368123974875,70.0,1.0
0.054515128492114706,70.0,10.0
0.04808383322518697,70.0,20.0
0.04768997188716287,70.0,30.0
0.22861607475435988,70.0,40.0
0.04317913907981755,70.0,50.0
0.06904591491631522,70.0,60.0
0.04954650304568557,70.0,70.0
0.05102322071425423,70.0,80.0
0.043808726926214875,70.0,90.0
0.052119698792154036,70.0,100.0
0.06360221868608595,70.0,110.0
0.029799339717173298,70.0,120.0
0.062439617322896594,70.0,130.0
0.0459911255350533,70.0,140.0
0.04868449737583045,70.0,150.0
0.0706142023279302,70.0,160.0
0.058894433337678236,70.0,170.0
0.039209310920200115,70.0,180.0
0.11093788024065945,70.0,190.0
0.09977032917321926,70.0,200.0
0.06921041205463123,70.0,210.0
0.07311796241011359,70.0,220.0
0.08386145239450632,70.0,230.0
0.07740399733711484,70.0,240.0
0.05390059273806657,70.0,250.0
0.0451967122912604,70.0,260.0
0.04077261692731651,70.0,270.0
0.052066757183072715,70.0,280.0
0.056596886208465785,70.0,290.0
0.040983221385425504,70.0,300.0
0.054665052987617244,70.0,310.0
0.05108949094171457,70.0,320.0
0.049957251601412275,70.0,330.0
0.061224437382510294,70.0,340.0
0.08023163752415907,70.0,350.0
0.06514611228045572,70.0,360.0
0.054463637182028124,70.0,370.0
0.03506562312236387,70.0,380.0
0.05066788026336805,70.0,390.0
0.058314010840096485,70.0,400.0
0.06474898991969934,70.0,410.0
0.06552898715678039,70.0,420.0
0.04002487502506208,70.0,430.0
0.05041457330877523,70.0,440.0
0.05599298744090068,70.0,450.0
0.08208204138770717,70.0,460.0
0.03648170052479619,70.0,470.0
0.09812846471877937,70.0,480.0
0.045488578782348146,70.0,490.0
0.03295077597605347,70.0,500.0
0.09210777638373377,80.0,1.0
0.11844073179968723,80.0,10.0
0.13610951698449927,80.0,20.0
0.07327202897956758,80.0,30.0
0.1001384165537593,80.0,40.0
0.04264972736722659,80.0,50.0
0.07317892310043832,80.0,60.0
0.06920703258038584,80.0,70.0
0.14140367875815824,80.0,80.0
0.0545797180955349,80.0,90.0
0.04734598326183505,80.0,100.0
0.049503113672008416,80.0,110.0
0.046456474899192225,80.0,120.0
0.07497318215575918,80.0,130.0
0.0682726587446235,80.0,140.0
0.05045257673295427,80.0,150.0
0.044369057340549335,80.0,160.0
0.06081683998360893,80.0,170.0
0.07213486301072555,80.0,180.0
0.04274456690561651,80.0,190.0
0.07221850825609696,80.0,200.0
0.07473061442609706,80.0,210.0
0.05842081356359733,80.0,220.0
0.0330275098248641,80.0,230.0
0.03644639658303129,80.0,240.0
0.044632466405644715,80.0,250.0
0.07836312736697952,80.0,260.0
0.06602895467240864,80.0,270.0
0.07228707181217055,80.0,280.0
0.04416983090545821,80.0,290.0
0.044976908360741294,80.0,300.0
0.07091273829843286,80.0,310.0
0.07580813888181233,80.0,320.0
0.051167634594798374,80.0,330.0
0.043019180252748195,80.0,340.0
0.051381337353411036,80.0,350.0
0.12269110861532392,80.0,360.0
0.0779697844721353,80.0,370.0
0.07081496996856604,80.0,380.0
0.07871653103761979,80.0,390.0
0.059882812774897314,80.0,400.0
0.04600032303253541,80.0,410.0
0.07521412615378714,80.0,420.0
0.04904967481067637,80.0,430.0
0.048816677312359495,80.0,440.0
0.10129732393918592,80.0,450.0
0.04635364223653662,80.0,460.0
0.06229791092472479,80.0,470.0
0.05003686816698442,80.0,480.0
0.11324165914587042,80.0,490.0
0.051138549300560304,80.0,500.0
0.05047339435767383,90.0,1.0
0.04719481925520919,90.0,10.0
0.1088792608527027,90.0,20.0
0.04615720172324977,90.0,30.0
0.04633741695805263,90.0,40.0
0.1410432732222743,90.0,50.0
0.07438738699838005,90.0,60.0
0.039307847115742006,90.0,70.0
0.06636615739002215,90.0,80.0
0.055096141644196954,90.0,90.0
0.042903855306093024,90.0,100.0
0.05665523496357962,90.0,110.0
0.09537660993340563,90.0,120.0
0.03905453905687267,90.0,130.0
0.04770301026998606,90.0,140.0
0.0477543751621854,90.0,150.0
0.10289653233845096,90.0,160.0
0.07149089447257763,90.0,170.0
0.05498791173837432,90.0,180.0
0.042590967295041304,90.0,190.0
0.057657099245502906,90.0,200.0
0.10394620640567927,90.0,210.0
0.040786052308914855,90.0,220.0
0.10939436086973661,90.0,230.0
0.053473024625644364,90.0,240.0
0.101359303194757,90.0,250.0
0.0434279855468828,90.0,260.0
0.09346472681719167,90.0,270.0
0.10224191427632301,90.0,280.0
0.05247587303313264,90.0,290.0
0.06227038751721014,90.0,300.0
0.05261555483460122,90.0,310.0
0.09929047811655108,90.0,320.0
0.13069488173424532,90.0,330.0
0.07529104808263008,90.0,340.0
0.0492656504946102,90.0,350.0
0.03745904624863815,90.0,360.0
0.03776888909984797,90.0,370.0
0.05985178892458655,90.0,380.0
0.042020828699600075,90.0,390.0
0.06074615198027103,90.0,400.0
0.06842824373165214,90.0,410.0
0.08674131652694908,90.0,420.0
0.0381784542282043,90.0,430.0
0.044905960105670356,90.0,440.0
0.06303406854167562,90.0,450.0
0.05400473712966099,90.0,460.0
0.05543213968452622,90.0,470.0
0.05589360821196263,90.0,480.0
0.05031913471658535,90.0,490.0
0.0517876532631891,90.0,500.0
0.10955719997156446,100.0,1.0
0.12881264457531857,100.0,10.0
0.04466053951156412,100.0,20.0
0.05160717311057712,100.0,30.0
0.132669611522612,100.0,40.0
0.042929433560323554,100.0,50.0
0.05542870878366858,100.0,60.0
0.0705485434821926,100.0,70.0
0.13651623212689215,100.0,80.0
0.05170233279710638,100.0,90.0
0.0662633783472277,100.0,100.0
0.04803064056658737,100.0,110.0
0.07743387412013217,100.0,120.0
0.08264310379925593,100.0,130.0
0.036809114032869815,100.0,140.0
0.05107867706729772,100.0,150.0
0.032305488320122595,100.0,160.0
0.04141412884993298,100.0,170.0
0.03543806099941236,100.0,180.0
0.05433681888905871,100.0,190.0
0.04515489623681915,100.0,200.0
0.14321863756410347,100.0,210.0
0.07093247291035293,100.0,220.0
0.07768338298787789,100.0,230.0
0.09477629827084823,100.0,240.0
0.053406565448593214,100.0,250.0
0.05196252590677921,100.0,260.0
0.04143873653671077,100.0,270.0
0.05473446822989228,100.0,280.0
0.036769638932754645,100.0,290.0
0.04207209624287125,100.0,300.0
0.06208797843584644,100.0,310.0
0.04456676406064743,100.0,320.0
0.10342555090627399,100.0,330.0
0.05206652841872611,100.0,340.0
0.04313480808989615,100.0,350.0
0.03906734186806634,100.0,360.0
0.12779007565543132,100.0,370.0
0.059663403853972244,100.0,380.0
0.08246081321161654,100.0,390.0
0.030738136064284098,100.0,400.0
0.07244591317983444,100.0,410.0
0.034994275756562485,100.0,420.0
0.04305518111227439,100.0,430.0
0.06858861632635978,100.0,440.0
0.058714166863097106,100.0,450.0
0.06654149491506244,100.0,460.0
0.08149598531734675,100.0,470.0
0.0869529731884277,100.0,480.0
0.09573160688301008,100.0,490.0
0.049167517089042136,100.0,500.0
0.07478126568202727,110.0,1.0
0.03726625249576363,110.0,10.0
0.056484222965706404,110.0,20.0
0.08047947809519751,110.0,30.0
0.08180844985888945,110.0,40.0
0.04875679195343248,110.0,50.0
0.09942696239250881,110.0,60.0
0.06166504663846771,110.0,70.0
0.042436863441324135,110.0,80.0
0.06836980890819842,110.0,90.0
0.05086885492238856,110.0,100.0
0.09082508823571374,110.0,110.0
0.11200426914747388,110.0,120.0
0.06438130948098224,110.0,130.0
0.04647843154757598,110.0,140.0
0.056474878885819806,110.0,150.0
0.06200674358969159,110.0,160.0
0.07613867845480864,110.0,170.0
0.04267486859787993,110.0,180.0
0.08542602563441846,110.0,190.0
0.05975278417072096,110.0,200.0
0.046940365781886484,110.0,210.0
0.05413849988193468,110.0,220.0
0.05394884621290393,110.0,230.0
0.07673006169379244,110.0,240.0
0.06128954360988149,110.0,250.0
0.06552305759510238,110.0,260.0
0.04305343978606424,110.0,270.0
0.10284102252006166,110.0,280.0
0.09606976175341041,110.0,290.0
0.12307697929341044,110.0,300.0
0.04303698399247402,110.0,310.0
0.07298979460878732,110.0,320.0
0.05847152293290302,110.0,330.0
0.043845646703899545,110.0,340.0
0.07124869860390382,110.0,350.0
0.05008339016508066,110.0,360.0
0.06339322767806864,110.0,370.0
0.03839141562675227,110.0,380.0
0.08981732073399341,110.0,390.0
0.05005214903050866,110.0,400.0
0.06782972278534878,110.0,410.0
0.04047824805550883,110.0,420.0
0.04692270381823138,110.0,430.0
0.04408527891354079,110.0,440.0
0.03954011955003454,110.0,450.0
0.0576455417607618,110.0,460.0
0.05668433031220531,110.0,470.0
0.05577874482564268,110.0,480.0
0.040231194828038004,110.0,490.0
0.03903988736281541,110.0,500.0
0.05086772170863475,120.0,1.0
0.051342496543585005,120.0,10.0
0.1076975209895854,120.0,20.0
0.11643351159199562,120.0,30.0
0.1806787613110236,120.0,40.0
0.14667468558472804,120.0,50.0
0.05384870942133864,120.0,60.0
0.05589606065813292,120.0,70.0
0.08980284980097387,120.0,80.0
0.0475525904567563,120.0,90.0
0.10125992376753129,120.0,100.0
0.04749643209775024,120.0,110.0
0.07709500420944534,120.0,120.0
0.06670949376708335,120.0,130.0
0.03393457511996228,120.0,140.0
0.09232254080177568,120.0,150.0
0.16282447117492582,120.0,160.0
0.038364047958371075,120.0,170.0
0.05713820727521955,120.0,180.0
0.03604141807896772,120.0,190.0
0.034940517836479355,120.0,200.0
0.05191867655158225,120.0,210.0
0.06400494821997019,120.0,220.0
0.07178213862160568,120.0,230.0
0.051420930696387056,120.0,240.0
0.116245018498343,120.0,250.0
0.04621834987250253,120.0,260.0
0.0814390285778858,120.0,270.0
0.05551172870655506,120.0,280.0
0.03768525423418123,120.0,290.0
0.1024775870930667,120.0,300.0
0.03823452399431794,120.0,310.0
0.05157147635268483,120.0,320.0
0.05163224202436952,120.0,330.0
0.052516156004247506,120.0,340.0
0.048289296141784996,120.0,350.0
0.04473020160646718,120.0,360.0
0.06447242289636475,120.0,370.0
0.04942863708204543,120.0,380.0
0.06616234377789956,120.0,390.0
0.07662926421054753,120.0,400.0
0.0726535273202015,120.0,410.0
0.049586225036685694,120.0,420.0
0.04232602778847877,120.0,430.0
0.042370033429013076,120.0,440.0
0.06852861360548965,120.0,450.0
0.09276638621038291,120.0,460.0
0.059037937688367875,120.0,470.0
0.05485470676860463,120.0,480.0
0.05685452323641376,120.0,490.0
0.06900454744033993,120.0,500.0
0.050383520792866725,130.0,1.0
0.10301281940456575,130.0,10.0
0.06191820336995645,130.0,20.0
0.0536876049032001,130.0,30.0
0.09065463271562041,130.0,40.0
0.16887696356275847,130.0,50.0
0.11899016338076629,130.0,60.0
0.08045342058091279,130.0,70.0
0.13292215271200675,130.0,80.0
0.05951770046209471,130.0,90.0
0.05692866002442529,130.0,100.0
0.08113832483718143,130.0,110.0
0.23689659158229612,130.0,120.0
0.09886808546579202,130.0,130.0
0.03593191963070447,130.0,140.0
0.08163003358620893,130.0,150.0
0.07987288517476199,130.0,160.0
0.05865530522698498,130.0,170.0
0.05592084227727276,130.0,180.0
0.07116030004254568,130.0,190.0
0.16097031567188558,130.0,200.0
0.05389309920570202,130.0,210.0
0.0721863964046866,130.0,220.0
0.0643142849287023,130.0,230.0
0.05736819413400764,130.0,240.0
0.06397643529701362,130.0,250.0
0.06573437068982221,130.0,260.0
0.048426982679530405,130.0,270.0
0.04999495698337928,130.0,280.0
0.09910044125050038,130.0,290.0
0.05321271792012293,130.0,300.0
0.07236778288809653,130.0,310.0
0.041197295721865784,130.0,320.0
0.05355452203182903,130.0,330.0
0.040310828324607105,130.0,340.0
0.056496759282128266,130.0,350.0
0.03723106367870538,130.0,360.0
0.049426099047990085,130.0,370.0
0.04259011133862961,130.0,380.0
0.03560181442128909,130.0,390.0
0.040180076813446784,130.0,400.0
0.03875055079790604,130.0,410.0
0.053048568170949335,130.0,420.0
0.07279337578291722,130.0,430.0
0.0372377878918514,130.0,440.0
0.09105979980574903,130.0,450.0
0.03966567290648165,130.0,460.0
0.036722871709269016,130.0,470.0
0.042094051587367246,130.0,480.0
0.05692046667735776,130.0,490.0
0.05162365838988516,130.0,500.0
0.055524718681232384,140.0,1.0
0.09008043472271984,140.0,10.0
0.20791954494940498,140.0,20.0
0.07063869536067365,140.0,30.0
0.12141601346704792,140.0,40.0
0.12811127811985484,140.0,50.0
0.06776467940136519,140.0,60.0
0.041180042653269966,140.0,70.0
0.11979374995437166,140.0,80.0
0.07945695676978108,140.0,90.0
0.05853491273791881,140.0,100.0
0.04487387295998645,140.0,110.0
0.1053461979657326,140.0,120.0
0.06958610039841007,140.0,130.0
0.0571814796267796,140.0,140.0
0.07884370915085513,140.0,150.0
0.05659566651806579,140.0,160.0
0.06811911168959298,140.0,170.0
0.04485235941178803,140.0,180.0
0.0598338660368596,140.0,190.0
0.08826190897693034,140.0,200.0
0.04965303528355805,140.0,210.0
0.04420009523727153,140.0,220.0
0.1200356060001577,140.0,230.0
0.055300389183786554,140.0,240.0
0.22157723059571807,140.0,250.0
0.0634422439464741,140.0,260.0
0.06102548784398537,140.0,270.0
0.042239971795086866,140.0,280.0
0.0954126476808504,140.0,290.0
0.03829210610601521,140.0,300.0
0.04388883072586699,140.0,310.0
0.06836978123969728,140.0,320.0
0.04838334722548966,140.0,330.0
0.05166620297151488,140.0,340.0
0.0370854384329162,140.0,350.0
0.08069985712683873,140.0,360.0
0.07667834842377365,140.0,370.0
0.06436632998396312,140.0,380.0
0.09157212838137024,140.0,390.0
0.11148322204438743,140.0,400.0
0.057870883131007016,140.0,410.0
0.09807778768193087,140.0,420.0
0.03967177416529347,140.0,430.0
0.030107304590524783,140.0,440.0
0.09006251382527516,140.0,450.0
0.0530679367981863,140.0,460.0
0.06460880611685867,140.0,470.0
0.0471877558015534,140.0,480.0
0.12650527279530432,140.0,490.0
0.05152546455587621,140.0,500.0
0.06373027173934015,150.0,1.0
0.06291150741213175,150.0,10.0
0.03663677330552458,150.0,20.0
0.15403969888980992,150.0,30.0
0.32846998260954174,150.0,40.0
0.05135537063430268,150.0,50.0
0.13170631903683933,150.0,60.0
0.060644097784784606,150.0,70.0
0.3242061903493907,150.0,80.0
0.04498851433527454,150.0,90.0
0.050381437102542476,150.0,100.0
0.054645344448717714,150.0,110.0
0.23533031680556737,150.0,120.0
0.06399822086820585,150.0,130.0
0.04679258633645117,150.0,140.0
0.08314818577852036,150.0,150.0
0.04114329569266829,150.0,160.0
0.058409601213815804,150.0,170.0
0.046310694932493617,150.0,180.0
0.0392830953508048,150.0,190.0
0.06263897158967424,150.0,200.0
0.06153656270940288,150.0,210.0
0.04818135151163463,150.0,220.0
0.10377749044001214,150.0,230.0
0.08194659607432382,150.0,240.0
0.07813435041209266,150.0,250.0
0.05412140636394807,150.0,260.0
0.11537239175644819,150.0,270.0
0.06299036902178344,150.0,280.0
0.0562623216640763,150.0,290.0
0.056915021120208235,150.0,300.0
0.11195430941108073,150.0,310.0
0.06815520209053576,150.0,320.0
0.11967034326821226,150.0,330.0
0.07101992044037808,150.0,340.0
0.06329525288613441,150.0,350.0
0.04921123659690998,150.0,360.0
0.06001823209243946,150.0,370.0
0.0548742147449896,150.0,380.0
0.09495834594629916,150.0,390.0
0.04181026718451614,150.0,400.0
0.058526843884301495,150.0,410.0
0.09426516237971445,150.0,420.0
0.0685346086969174,150.0,430.0
0.06266064555372323,150.0,440.0
0.04342431167598948,150.0,450.0
0.04513543492002776,150.0,460.0
0.05227743107496641,150.0,470.0
0.038322143882570645,150.0,480.0
0.06337741014605106,150.0,490.0
0.03091052059816743,150.0,500.0
0.04932004572010817,160.0,1.0
0.07377215481582657,160.0,10.0
0.16385245125751088,160.0,20.0
0.12623844522484617,160.0,30.0
0.10918201965871209,160.0,40.0
0.11267799295319494,160.0,50.0
0.07919721433457846,160.0,60.0
0.08436109096682917,160.0,70.0
0.06916977066364055,160.0,80.0
0.06734471668718711,160.0,90.0
0.1361733736688448,160.0,100.0
0.07490284345077634,160.0,110.0
0.21819270810848454,160.0,120.0
0.047410410664303695,160.0,130.0
0.05231328405459512,160.0,140.0
0.07712777504141524,160.0,150.0
0.04827134418499861,160.0,160.0
0.078669999546826,160.0,170.0
0.13546782407713664,160.0,180.0
0.10892700098576269,160.0,190.0
0.03896869678147029,160.0,200.0
0.04228040073194785,160.0,210.0
0.2480766740112151,160.0,220.0
0.08705457519465098,160.0,230.0
0.0973235981502086,160.0,240.0
0.08083120269649326,160.0,250.0
0.07675114068858875,160.0,260.0
0.07076974889339537,160.0,270.0
0.04443904943207888,160.0,280.0
0.05782291593559903,160.0,290.0
0.057298847440818465,160.0,300.0
0.05667013857786517,160.0,310.0
0.06124042601457037,160.0,320.0
0.052296469439268835,160.0,330.0
0.07445537072951337,160.0,340.0
0.10615115209925871,160.0,350.0
0.0669779798972534,160.0,360.0
0.07542392122598388,160.0,370.0
0.049846037979634925,160.0,380.0
0.05314899926550557,160.0,390.0
0.05724335055443171,160.0,400.0
0.06426351914024368,160.0,410.0
0.04750863418759905,160.0,420.0
0.06749399261669152,160.0,430.0
0.14134719518998345,160.0,440.0
0.07261396607493352,160.0,450.0
0.043505218304891534,160.0,460.0
0.05083687932287668,160.0,470.0
0.0972483181435926,160.0,480.0
0.05127182012305917,160.0,490.0
0.05546137854657845,160.0,500.0
0.0594357713141843,170.0,1.0
0.09466831940687563,170.0,10.0
0.09446061581034712,170.0,20.0
0.1322710896949686,170.0,30.0
0.11719282316024379,170.0,40.0
0.06896145098403608,170.0,50.0
0.126192882593649,170.0,60.0
0.08843421460336667,170.0,70.0
0.0824802908386503,170.0,80.0
0.1637539866072088,170.0,90.0
0.04656484821652784,170.0,100.0
0.04712488677785443,170.0,110.0
0.07167074865357816,170.0,120.0
0.06847940817128785,170.0,130.0
0.04868251425275856,170.0,140.0
0.057025194560627074,170.0,150.0
0.048229780776189966,170.0,160.0
0.14063916527843726,170.0,170.0
0.06894770138068762,170.0,180.0
0.04930182482483791,170.0,190.0
0.1247525427896506,170.0,200.0
0.13823480235394967,170.0,210.0
0.09059990202417588,170.0,220.0
0.11066986100419063,170.0,230.0
0.04074933745010925,170.0,240.0
0.07917893587742537,170.0,250.0
0.05889523069583951,170.0,260.0
0.06570550437815895,170.0,270.0
0.07986323359311985,170.0,280.0
0.06222686097568124,170.0,290.0
0.05877615693100504,170.0,300.0
0.11349069550336338,170.0,310.0
0.07294053428365727,170.0,320.0
0.03850667560398167,170.0,330.0
0.05426618813775497,170.0,340.0
0.04200156969094475,170.0,350.0
0.05751332071927908,170.0,360.0
0.06738656026523973,170.0,370.0
0.04089309393532142,170.0,380.0
0.13900918385241198,170.0,390.0
0.09336163944360769,170.0,400.0
0.05195966193479569,170.0,410.0
0.048724348011072324,170.0,420.0
0.08054584520349635,170.0,430.0
0.10203924020847158,170.0,440.0
0.04897114923452241,170.0,450.0
0.10727640719226567,170.0,460.0
0.06965791192967215,170.0,470.0
0.06823506568639637,170.0,480.0
0.11354144784420847,170.0,490.0
0.07403056850202143,170.0,500.0
0.07568117466945615,180.0,1.0
0.040350484848809084,180.0,10.0
0.04933683271813427,180.0,20.0
0.06715999936590004,180.0,30.0
0.055185273386921335,180.0,40.0
0.06135235228939204,180.0,50.0
0.0850274093474773,180.0,60.0
0.10350630471666333,180.0,70.0
0.11439882606106591,180.0,80.0
0.03993803800706543,180.0,90.0
0.048245734608885316,180.0,100.0
0.05142868584118784,180.0,110.0
0.09251719636645393,180.0,120.0
0.08212764033220833,180.0,130.0
0.10649540152960885,180.0,140.0
0.046622834528333684,180.0,150.0
0.07540004832305687,180.0,160.0
0.10014542332860706,180.0,170.0
0.03823400375034309,180.0,180.0
0.1031313402583868,180.0,190.0
0.057838023504286,180.0,200.0
0.06894908490143586,180.0,210.0
0.09582245486143345,180.0,220.0
0.05794166010423505,180.0,230.0
0.05036933938843483,180.0,240.0
0.04332733412525579,180.0,250.0
0.04269011331909068,180.0,260.0
0.07699912190894953,180.0,270.0
0.048295559325345634,180.0,280.0
0.08456582118625722,180.0,290.0
0.06420211644174517,180.0,300.0
0.06195352540441605,180.0,310.0
0.05325566731544408,180.0,320.0
0.09647304045495639,180.0,330.0
0.06162889176153906,180.0,340.0
0.07043044334442929,180.0,350.0
0.04626208757083293,180.0,360.0
0.09793200386118825,180.0,370.0
0.04585924228685476,180.0,380.0
0.08442253758183708,180.0,390.0
0.0906128755693184,180.0,400.0
0.07367186478991974,180.0,410.0
0.10913564443365421,180.0,420.0
0.06312773461402434,180.0,430.0
0.06242398559953729,180.0,440.0
0.043667286702651215,180.0,450.0
0.04647021739547605,180.0,460.0
0.04920246296497712,180.0,470.0
0.0706557937867556,180.0,480.0
0.07097187202790102,180.0,490.0
0.05077652733705992,180.0,500.0
0.05572740921929653,190.0,1.0
0.06110641324555533,190.0,10.0
0.05704054075548488,190.0,20.0
0.1310761639541921,190.0,30.0
0.19302271545481764,190.0,40.0
0.0739603256351383,190.0,50.0
0.04499625559429048,190.0,60.0
0.07913250439830158,190.0,70.0
0.05785060252523205,190.0,80.0
0.06647857070968516,190.0,90.0
0.12404252921347549,190.0,100.0
0.054775644562979585,190.0,110.0
0.044108646483014734,190.0,120.0
0.05764765414244721,190.0,130.0
0.12919436100273946,190.0,140.0
0.0625651210259373,190.0,150.0
0.06065681006672354,190.0,160.0
0.07524492934800023,190.0,170.0
0.05169309874247637,190.0,180.0
0.08186632348758362,190.0,190.0
0.06452219352920638,190.0,200.0
0.08640201092642875,190.0,210.0
0.051217785587198986,190.0,220.0
0.13789724440780998,190.0,230.0
0.1710450017423455,190.0,240.0
0.05361358894249231,190.0,250.0
0.056117002583972474,190.0,260.0
0.0837492047851867,190.0,270.0
0.11159875420033237,190.0,280.0
0.07117245355455551,190.0,290.0
0.05459296319220279,190.0,300.0
0.041603831290347545,190.0,310.0
0.05541716499142917,190.0,320.0
0.12481169545879255,190.0,330.0
0.09044322937754204,190.0,340.0
0.07148309695646067,190.0,350.0
0.0404177055046932,190.0,360.0
0.06558963298242977,190.0,370.0
0.10318143782835985,190.0,380.0
0.07113679844539712,190.0,390.0
0.051638161951863,190.0,400.0
0.0842639599308759,190.0,410.0
0.05179747001968172,190.0,420.0
0.05352211741131816,190.0,430.0
0.06538418867564198,190.0,440.0
0.0999158610625678,190.0,450.0
0.08880385658377844,190.0,460.0
0.10701760080412569,190.0,470.0
0.05512516956503745,190.0,480.0
0.0446548571687019,190.0,490.0
0.07027467573796421,190.0,500.0
0.04943324798254285,200.0,1.0
0.055240667567928996,200.0,10.0
0.04545281200364992,200.0,20.0
0.05157404292169923,200.0,30.0
0.07499066912680345,200.0,40.0
0.05555355341357348,200.0,50.0
0.1770309637710046,200.0,60.0
0.10094750536679885,200.0,70.0
0.2803915904017535,200.0,80.0
0.06874524204236579,200.0,90.0
0.32596490124287375,200.0,100.0
0.048655625118308114,200.0,110.0
0.06100942039994592,200.0,120.0
0.10312038681108537,200.0,130.0
0.07352025871776244,200.0,140.0
0.13956540473505508,200.0,150.0
0.07401639089010696,200.0,160.0
0.05070002828784304,200.0,170.0
0.0503256609840011,200.0,180.0
0.08613931685715057,200.0,190.0
0.14644503949158813,200.0,200.0
0.07806485530871515,200.0,210.0
0.058435223630931586,200.0,220.0
0.14258157434768443,200.0,230.0
0.14769076032834474,200.0,240.0
0.05474532481828015,200.0,250.0
0.04188515847978482,200.0,260.0
0.07010755144052858,200.0,270.0
0.05931329200321688,200.0,280.0
0.08828591774823027,200.0,290.0
0.051141215917827706,200.0,300.0
0.13025412912505108,200.0,310.0
0.061602776792992614,200.0,320.0
0.04583217844219456,200.0,330.0
0.06662546660364897,200.0,340.0
0.05703243367246408,200.0,350.0
0.11381941398748158,200.0,360.0
0.0800262463672085,200.0,370.0
0.049549343705777224,200.0,380.0
0.13294486672219633,200.0,390.0
0.037523390046201886,200.0,400.0
0.05990010194193973,200.0,410.0
0.04609885995669569,200.0,420.0
0.06295686286735012,200.0,430.0
0.056454383050006274,200.0,440.0
0.044728585335753156,200.0,450.0
0.042814866334006385,200.0,460.0
0.08476457224648277,200.0,470.0
0.04273776773845886,200.0,480.0
0.055620513187454174,200.0,490.0
0.04473289191269236,200.0,500.0
7.667916086601476,210.0,1.0
0.1940383675442665,210.0,10.0
0.061799606792377025,210.0,20.0
0.03888019381359313,210.0,30.0
0.08181078540868342,210.0,40.0
0.13186956545945108,210.0,50.0
0.06680567825257894,210.0,60.0
0.09507595360480163,210.0,70.0
0.09590843154731597,210.0,80.0
0.06070179902763024,210.0,90.0
0.059240569139363236,210.0,100.0
0.1086402048234114,210.0,110.0
0.038870433193103,210.0,120.0
0.06511417631096846,210.0,130.0
0.14451864979212362,210.0,140.0
0.08754125350267586,210.0,150.0
0.05007410250584506,210.0,160.0
0.09905830620761695,210.0,170.0
0.07319279593133779,210.0,180.0
0.08903362090089047,210.0,190.0
0.0566498073613247,210.0,200.0
0.08811295549384507,210.0,210.0
0.048460794979385304,210.0,220.0
0.04751109306591976,210.0,230.0
0.04593379903136144,210.0,240.0
0.08401644634452593,210.0,250.0
0.06443218446551881,210.0,260.0
0.1282073086688367,210.0,270.0
0.04147247094077114,210.0,280.0
0.1433821690199249,210.0,290.0
0.056754062696126,210.0,300.0
0.04553801133226976,210.0,310.0
0.1256156943798046,210.0,320.0
0.0854184057382304,210.0,330.0
0.08207694216596717,210.0,340.0
0.06118669594342809,210.0,350.0
0.06778943157619555,210.0,360.0
0.18944776333779598,210.0,370.0
0.05756433918597557,210.0,380.0
0.05451469446094231,210.0,390.0
0.06303832157321894,210.0,400.0
0.13739685169161395,210.0,410.0
0.06552070441474878,210.0,420.0
0.04649788482147177,210.0,430.0
0.06434025977703685,210.0,440.0
0.11341395729399928,210.0,450.0
0.09012948279045362,210.0,460.0
0.21106486271374755,210.0,470.0
0.03642903446708371,210.0,480.0
0.04613774131846543,210.0,490.0
0.0538015558631172,210.0,500.0
0.13245619891980698,220.0,1.0
0.04273986552380392,220.0,10.0
0.09985344037203053,220.0,20.0
0.10494884754952845,220.0,30.0
0.06069904868811685,220.0,40.0
0.114255048962857,220.0,50.0
0.10571149649733771,220.0,60.0
0.055395594485728075,220.0,70.0
0.23868865477951443,220.0,80.0
0.2442727026040966,220.0,90.0
0.05893884877145728,220.0,100.0
0.08255780913013346,220.0,110.0
0.0642746242772633,220.0,120.0
0.03413314382115795,220.0,130.0
0.04867633088635886,220.0,140.0
0.04586214995768162,220.0,150.0
0.06427956733680246,220.0,160.0
0.05966499650749514,220.0,170.0
0.06733776438121035,220.0,180.0
0.12748324842690076,220.0,190.0
0.09102639468970831,220.0,200.0
0.07489617561392702,220.0,210.0
0.035164114472847466,220.0,220.0
0.16375450531364552,220.0,230.0
0.10116537877122603,220.0,240.0
0.05535477241703185,220.0,250.0
0.06164534530402143,220.0,260.0
0.03875071940612056,220.0,270.0
0.0856507372258621,220.0,280.0
0.04598004052998188,220.0,290.0
0.07827858462668034,220.0,300.0
0.04897649335316106,220.0,310.0
0.08600501834068773,220.0,320.0
0.05259469708848859,220.0,330.0
0.057132089376456606,220.0,340.0
0.12094916393631097,220.0,350.0
0.08943296163051775,220.0,360.0
0.05463718636739437,220.0,370.0
0.1481855259488974,220.0,380.0
0.10693034334379192,220.0,390.0
0.05419804267291916,220.0,400.0
0.05319990828145647,220.0,410.0
0.047044677097379216,220.0,420.0
0.06613144889982996,220.0,430.0
0.09918294375636966,220.0,440.0
0.09331561622501727,220.0,450.0
0.05206043953108601,220.0,460.0
0.12353413215092017,220.0,470.0
0.06344845652989096,220.0,480.0
0.10528310323272193,220.0,490.0
0.06783134035911535,220.0,500.0
1.649963817305238,230.0,1.0
1.089023989373618,230.0,10.0
0.07281985409192028,230.0,20.0
0.14215986143645515,230.0,30.0
0.07579156181822432,230.0,40.0
0.07014416398145673,230.0,50.0
0.061012486017102734,230.0,60.0
0.04217318997622931,230.0,70.0
0.05729804564066189,230.0,80.0
0.116660258800837,230.0,90.0
0.045757690814129136,230.0,100.0
0.11709668434791771,230.0,110.0
0.23194387931541185,230.0,120.0
0.0444083286825592,230.0,130.0
0.04173611948052198,230.0,140.0
0.05148888905317768,230.0,150.0
0.05802914758176324,230.0,160.0
0.055493846383787335,230.0,170.0
0.12552546177761964,230.0,180.0
0.07882664495986301,230.0,190.0
0.04637547291387559,230.0,200.0
0.1840299815182841,230.0,210.0
0.0907121994246489,230.0,220.0
0.05491824964689007,230.0,230.0
0.13649376059995905,230.0,240.0
0.09212014951734959,230.0,250.0
0.0674048982933496,230.0,260.0
0.11497174796059514,230.0,270.0
0.09824733779491114,230.0,280.0
0.11312676689750145,230.0,290.0
0.08518733249885754,230.0,300.0
0.06680977852714033,230.0,310.0
0.0757206615050216,230.0,320.0
0.1662178359038571,230.0,330.0
0.1661339937412977,230.0,340.0
0.061190041128096714,230.0,350.0
0.10670480886168453,230.0,360.0
0.05825503564509808,230.0,370.0
0.06515532955909839,230.0,380.0
0.06189384286137241,230.0,390.0
0.04541129131359376,230.0,400.0
0.054632208842506615,230.0,410.0
0.04995147051735777,230.0,420.0
0.04588776801397528,230.0,430.0
0.060280524734013984,230.0,440.0
0.11361065958249028,230.0,450.0
0.040584360711375465,230.0,460.0
0.08719847860551076,230.0,470.0
0.14750687662315234,230.0,480.0
0.08596409615725964,230.0,490.0
0.06715749899179309,230.0,500.0
0.10105870299217315,240.0,1.0
0.04220437887196607,240.0,10.0
0.06437753825717796,240.0,20.0
0.15113419125768815,240.0,30.0
0.33425891449116296,240.0,40.0
0.10510741473606569,240.0,50.0
0.05911487046850067,240.0,60.0
0.1953005400077206,240.0,70.0
0.08127021043572834,240.0,80.0
0.6398806112266722,240.0,90.0
0.07306039669927528,240.0,100.0
0.1150861308141963,240.0,110.0
0.08430203379058439,240.0,120.0
0.04693795154256652,240.0,130.0
0.03649112365606644,240.0,140.0
0.05586993302193842,240.0,150.0
0.10259923971512773,240.0,160.0
0.079673220829933,240.0,170.0
0.07420697111504668,240.0,180.0
0.0939210790690993,240.0,190.0
0.05565492661434377,240.0,200.0
0.0562825710062333,240.0,210.0
0.10647501747455963,240.0,220.0
0.11695712618570933,240.0,230.0
0.054346616524062245,240.0,240.0
0.08985483516513469,240.0,250.0
0.07450436571777243,240.0,260.0
0.05793392567575215,240.0,270.0
0.06310762603353827,240.0,280.0
0.10112369422815222,240.0,290.0
0.08997315365162076,240.0,300.0
0.07845274731058328,240.0,310.0
0.09612856319632976,240.0,320.0
0.2453886591461589,240.0,330.0
0.07245702065391914,240.0,340.0
0.07238063384451186,240.0,350.0
0.11602079161883029,240.0,360.0
0.034350734598312484,240.0,370.0
0.045379035531079304,240.0,380.0
0.06046460808168867,240.0,390.0
0.06494934606486243,240.0,400.0
0.039465866138092325,240.0,410.0
0.07883524575281467,240.0,420.0
0.08847841487857873,240.0,430.0
0.05812761655589683,240.0,440.0
0.12543407016442032,240.0,450.0
0.07373907732889032,240.0,460.0
0.04318348823463138,240.0,470.0
0.08336053527173126,240.0,480.0
0.09015669532053751,240.0,490.0
0.05243408138053447,240.0,500.0
13.729351405975219,250.0,1.0
0.064389606925725,250.0,10.0
0.0717236854111425,250.0,20.0
0.0867294212103566,250.0,30.0
0.13646205018123753,250.0,40.0
0.36088564480943874,250.0,50.0
0.12816893253862618,250.0,60.0
0.15924649273166264,250.0,70.0
0.10471053164703341,250.0,80.0
0.19101808053369082,250.0,90.0
0.157805605017767,250.0,100.0
0.12843529123031183,250.0,110.0
0.19690894188909056,250.0,120.0
0.043168736417020424,250.0,130.0
0.10401655553887386,250.0,140.0
0.038057531905978034,250.0,150.0
0.20215375476152517,250.0,160.0
0.06491192247626354,250.0,170.0
0.14497449072557564,250.0,180.0
0.07787850191267769,250.0,190.0
0.1202609316561557,250.0,200.0
0.07797526176651197,250.0,210.0
0.08262068274150337,250.0,220.0
0.10094102353816033,250.0,230.0
0.12529806234373334,250.0,240.0
0.09943409221952598,250.0,250.0
0.1376064005178752,250.0,260.0
0.11085238904075143,250.0,270.0
0.07195748653619774,250.0,280.0
0.06097806131697811,250.0,290.0
0.15038984084154688,250.0,300.0
0.048162098416673106,250.0,310.0
0.06498470749989413,250.0,320.0
0.036794891408415444,250.0,330.0
0.06788403988690121,250.0,340.0
0.048455010079793095,250.0,350.0
0.08845420666886981,250.0,360.0
0.05514239596647238,250.0,370.0
0.05005734475889174,250.0,380.0
0.03481936770598959,250.0,390.0
0.04445285506630081,250.0,400.0
0.06512393420402521,250.0,410.0
0.07750310699759803,250.0,420.0
0.0599402863326866,250.0,430.0
0.06625197203604481,250.0,440.0
0.1842631264499892,250.0,450.0
0.12664322528006028,250.0,460.0
0.04782183516026846,250.0,470.0
0.049215890347770096,250.0,480.0
0.10991911181975195,250.0,490.0
0.08062652497236417,250.0,500.0
0.0971972065815832,260.0,1.0
0.06772763795796943,260.0,10.0
0.06378173847164312,260.0,20.0
0.16095347733550122,260.0,30.0
0.08411389574363123,260.0,40.0
0.10728871681632662,260.0,50.0
0.1843479827481443,260.0,60.0
0.2020207187258463,260.0,70.0
0.06791935162832066,260.0,80.0
0.09839986321960927,260.0,90.0
0.043958854197357,260.0,100.0
0.22678549332140682,260.0,110.0
0.046409718889812435,260.0,120.0
0.07456414766357546,260.0,130.0
0.036276916243344254,260.0,140.0
0.06380302599750692,260.0,150.0
0.05499886553019788,260.0,160.0
0.0791586914008492,260.0,170.0
0.14718965708394102,260.0,180.0
0.06813339630096979,260.0,190.0
0.06729448380789234,260.0,200.0
0.05528837589806107,260.0,210.0
0.07039664951648705,260.0,220.0
0.05540651833411375,260.0,230.0
0.05543846705808476,260.0,240.0
0.13266188635428355,260.0,250.0
0.047121912092585115,260.0,260.0
0.10740279027306965,260.0,270.0
0.10518240204987381,260.0,280.0
0.08211168873033378,260.0,290.0
0.06625688241427814,260.0,300.0
0.05398196055136719,260.0,310.0
0.12047242625049173,260.0,320.0
0.14899390289563955,260.0,330.0
0.06713139541498848,260.0,340.0
0.07087400904584391,260.0,350.0
0.09998459915215012,260.0,360.0
0.08228229940490303,260.0,370.0
0.052084786567551195,260.0,380.0
0.07908377919845251,260.0,390.0
0.07166196809640975,260.0,400.0
0.09450314362479237,260.0,410.0
0.04958919546156673,260.0,420.0
0.08073043222934959,260.0,430.0
0.03502914328100662,260.0,440.0
0.058302979233497323,260.0,450.0
0.03966544628263985,260.0,460.0
0.043202776416803784,260.0,470.0
0.08604418182493824,260.0,480.0
0.07927261128129323,260.0,490.0
0.04509437433609017,260.0,500.0
0.09065399500638273,270.0,1.0
0.09138993848945424,270.0,10.0
0.11096641164266413,270.0,20.0
0.058905154828930356,270.0,30.0
0.06940832681520756,270.0,40.0
0.06605558458122128,270.0,50.0
0.051187659384452015,270.0,60.0
0.3351239299769596,270.0,70.0
0.08178865091673077,270.0,80.0
0.041970283634305265,270.0,90.0
0.04535271251017816,270.0,100.0
0.06754547284748433,270.0,110.0
0.12381031075636964,270.0,120.0
0.06007317098057907,270.0,130.0
0.056936668269413036,270.0,140.0
0.07854132173423253,270.0,150.0
0.07128710094532043,270.0,160.0
0.05104354037926675,270.0,170.0
0.10947013314271933,270.0,180.0
0.05923225465054279,270.0,190.0
0.050140757834952615,270.0,200.0
0.09355277514542587,270.0,210.0
0.06115182214335068,270.0,220.0
0.12523841583650885,270.0,230.0
0.05431538496036674,270.0,240.0
0.08947320436785815,270.0,250.0
0.05146465357290648,270.0,260.0
0.13962537798839383,270.0,270.0
0.0515649370383157,270.0,280.0
0.04256456760257138,270.0,290.0
0.039448652857457224,270.0,300.0
0.048000106284202634,270.0,310.0
0.0539112962793729,270.0,320.0
0.10643196879204089,270.0,330.0
0.049752424906421316,270.0,340.0
0.05188669622371328,270.0,350.0
0.06070104892392561,270.0,360.0
0.07121783525859662,270.0,370.0
0.12086689973906957,270.0,380.0
0.05210431475862201,270.0,390.0
0.04703570089657363,270.0,400.0
0.08762339861415774,270.0,410.0
0.11140998511924666,270.0,420.0
0.03717079341437527,270.0,430.0
0.05162644883612119,270.0,440.0
0.03808031522762354,270.0,450.0
0.042476659430758804,270.0,460.0
0.11669067148033051,270.0,470.0
0.08581988476946475,270.0,480.0
0.03927967621945457,270.0,490.0
0.06446945216621602,270.0,500.0
0.19475248438200585,280.0,1.0
0.0631630876273653,280.0,10.0
0.06941457015608125,280.0,20.0
0.08106984033145695,280.0,30.0
0.07341953979408855,280.0,40.0
0.156842517395876,280.0,50.0
0.0719641540424318,280.0,60.0
0.06800060406290244,280.0,70.0
0.13428934314162613,280.0,80.0
0.10794360786965915,280.0,90.0
0.2693474356729215,280.0,100.0
0.16524638254422336,280.0,110.0
0.07736106463667329,280.0,120.0
0.30213253990684996,280.0,130.0
0.07859085951104576,280.0,140.0
0.057046157852472856,280.0,150.0
0.047620677862283946,280.0,160.0
0.10406866697233831,280.0,170.0
0.06394263133835057,280.0,180.0
0.06831549210933166,280.0,190.0
0.061805108203665346,280.0,200.0
0.14234116649871492,280.0,210.0
0.06228082005225606,280.0,220.0
0.13578678558480475,280.0,230.0
0.09052048325139057,280.0,240.0
0.07660368419532472,280.0,250.0
0.05035832603582567,280.0,260.0
0.05695151197569337,280.0,270.0
0.045403185603955974,280.0,280.0
0.08543882036452213,280.0,290.0
0.058616924619409976,280.0,300.0
0.12042132875671224,280.0,310.0
0.04807104421578151,280.0,320.0
0.23780024570702,280.0,330.0
0.054321259746808084,280.0,340.0
0.11716583726241385,280.0,350.0
0.059892842220191034,280.0,360.0
0.20786097658432173,280.0,370.0
0.05572114742609974,280.0,380.0
0.057229981386450655,280.0,390.0
0.07395587978026046,280.0,400.0
0.09083707489181415,280.0,410.0
0.0819438295143487,280.0,420.0
0.07240441489908354,280.0,430.0
0.05805599491287084,280.0,440.0
0.027461771101572136,280.0,450.0
0.16201954345955463,280.0,460.0
0.06027940876747028,280.0,470.0
0.05917395466118589,280.0,480.0
0.04930553596793845,280.0,490.0
0.04706290776344852,280.0,500.0
1.5541206807838626,290.0,1.0
0.09534193782442073,290.0,10.0
0.2368511821636875,290.0,20.0
0.1674463977338119,290.0,30.0
0.08680241006888897,290.0,40.0
0.051922711489602945,290.0,50.0
0.1809468028600119,290.0,60.0
0.059220176190765035,290.0,70.0
0.07037821546851117,290.0,80.0
0.04833958342595697,290.0,90.0
0.046066439850048276,290.0,100.0
0.11852373397749712,290.0,110.0
0.04401307376001135,290.0,120.0
0.1206745381186878,290.0,130.0
0.07134804004224823,290.0,140.0
0.04954461387716266,290.0,150.0
0.056959144343412496,290.0,160.0
0.05413011722622261,290.0,170.0
0.04350164896410348,290.0,180.0
0.18528572496759588,290.0,190.0
0.16769205979566962,290.0,200.0
0.09300675130198653,290.0,210.0
0.08000285363674256,290.0,220.0
0.17430051942820998,290.0,230.0
0.09327290825516667,290.0,240.0
0.03347391058114829,290.0,250.0
0.1228040062707041,290.0,260.0
0.0930388864303092,290.0,270.0
0.06315458765314938,290.0,280.0
0.05375842765293311,290.0,290.0
0.12573937027392823,290.0,300.0
0.09992927052014154,290.0,310.0
0.08930615145395993,290.0,320.0
0.06054770269979226,290.0,330.0
0.09206980417182378,290.0,340.0
0.07185876645569733,290.0,350.0
0.08890252297964114,290.0,360.0
0.08692251651065327,290.0,370.0
0.06803172871955253,290.0,380.0
0.04731055035918695,290.0,390.0
0.07518861312642179,290.0,400.0
0.03710056182566691,290.0,410.0
0.12122906757927884,290.0,420.0
0.0824096424238185,290.0,430.0
0.09037013390092835,290.0,440.0
0.07391083107575724,290.0,450.0
0.08547348988621503,290.0,460.0
0.04482738868002326,290.0,470.0
0.05743513902816077,290.0,480.0
0.10163954427709075,290.0,490.0
0.09222679660317122,290.0,500.0
0.36769917851450856,300.0,1.0
0.05600018837205803,300.0,10.0
0.10813241830733034,300.0,20.0
0.04979701594919408,300.0,30.0
0.04878332227725508,300.0,40.0
0.36331457343172513,300.0,50.0
0.6366381834585338,300.0,60.0
0.10229240316701119,300.0,70.0
0.12660061136543932,300.0,80.0
0.0545671379751527,300.0,90.0
0.13784884718233079,300.0,100.0
0.13030604348525623,300.0,110.0
0.06426249406485551,300.0,120.0
0.1214554631850266,300.0,130.0
0.07778207741455027,300.0,140.0
0.05617138457486312,300.0,150.0
0.05747680909935621,300.0,160.0
0.10622592134015749,300.0,170.0
0.06252594356195176,300.0,180.0
0.08300370242138416,300.0,190.0
0.10939693340051079,300.0,200.0
0.085061336958915,300.0,210.0
0.18962390168577173,300.0,220.0
0.07965260637701993,300.0,230.0
0.05438512008890389,300.0,240.0
0.03846140998710492,300.0,250.0
0.06060999850124456,300.0,260.0
0.05488669535473855,300.0,270.0
0.07467847385889531,300.0,280.0
0.09275594806444422,300.0,290.0
0.06735608994434254,300.0,300.0
0.07758645401526558,300.0,310.0
0.04325079270375691,300.0,320.0
0.06609079211393831,300.0,330.0
0.07517469265533197,300.0,340.0
0.05271780247991641,300.0,350.0
0.04822064774698063,300.0,360.0
0.07272391957618819,300.0,370.0
0.038746603255151696,300.0,380.0
0.13497773533432264,300.0,390.0
0.035466216568197824,300.0,400.0
0.05183015789453006,300.0,410.0
0.12503918541427264,300.0,420.0
0.08190912442318449,300.0,430.0
0.05094977269438736,300.0,440.0
0.11069872185223907,300.0,450.0
0.0552843061513044,300.0,460.0
0.060947296808451436,300.0,470.0
0.08952928997314656,300.0,480.0
0.0378661197928772,300.0,490.0
0.10927296692286359,300.0,500.0
0.04799888689304433,310.0,1.0
0.09597852010685382,310.0,10.0
0.0977721040804614,310.0,20.0
0.09266501209465716,310.0,30.0
0.06524231762517799,310.0,40.0
0.5468446349444288,310.0,50.0
0.056911328027665874,310.0,60.0
0.05131466728762172,310.0,70.0
0.6116885753147828,310.0,80.0
0.2391721880318923,310.0,90.0
0.05666626090419315,310.0,100.0
0.11996901684191469,310.0,110.0
0.1262545497593795,310.0,120.0
0.10027836170147003,310.0,130.0
0.2271964958612417,310.0,140.0
0.05134569084882261,310.0,150.0
0.04561757127632322,310.0,160.0
0.09010026391482182,310.0,170.0
0.06897002969563716,310.0,180.0
0.10422498645749645,310.0,190.0
0.07565345402883268,310.0,200.0
0.18506309954892636,310.0,210.0
0.06135199419447659,310.0,220.0
0.08874410678083662,310.0,230.0
0.07523602265072696,310.0,240.0
0.0565446484534432,310.0,250.0
0.09499633957293566,310.0,260.0
0.08669274140644118,310.0,270.0
0.0572393478610283,310.0,280.0
0.072056611039602,310.0,290.0
0.12939894060932203,310.0,300.0
0.05273844094836723,310.0,310.0
0.07809579031011607,310.0,320.0
0.10804024084317611,310.0,330.0
0.04265455843100789,310.0,340.0
0.04727483861578492,310.0,350.0
0.1356884518899501,310.0,360.0
0.0819556855974947,310.0,370.0
0.0795279526547003,310.0,380.0
0.051451412084803604,310.0,390.0
0.04974095467197441,310.0,400.0
0.0827525620770109,310.0,410.0
0.06506493769989291,310.0,420.0
0.2009160381521114,310.0,430.0
0.050837362077629795,310.0,440.0
0.052790245851831785,310.0,450.0
0.05650498860531214,310.0,460.0
0.09679058103775215,310.0,470.0
0.0688046255820094,310.0,480.0
0.057953548622575575,310.0,490.0
0.04978125706060398,310.0,500.0
0.06027227938481603,320.0,1.0
0.13304930668951798,320.0,10.0
0.054574629617189216,320.0,20.0
0.046262055331468266,320.0,30.0
0.050444541751476016,320.0,40.0
0.07108782468274667,320.0,50.0
0.29017241926381604,320.0,60.0
0.298413877638942,320.0,70.0
0.04832484416082757,320.0,80.0
0.063028206738443,320.0,90.0
0.19811359236981813,320.0,100.0
0.04385246792975407,320.0,110.0
0.05185907693382842,320.0,120.0
0.10089730480481673,320.0,130.0
0.0639494537078363,320.0,140.0
0.08269720723458154,320.0,150.0
0.0695290919546872,320.0,160.0
0.1341786705712632,320.0,170.0
0.17312085126570684,320.0,180.0
0.03667173530242894,320.0,190.0
0.048629534357750526,320.0,200.0
0.07416899855415898,320.0,210.0
0.11309648904247527,320.0,220.0
0.12101442707297047,320.0,230.0
0.047693987717990736,320.0,240.0
0.12420221928365993,320.0,250.0
0.053652614392432005,320.0,260.0
0.04897751351355786,320.0,270.0
0.09267068869866325,320.0,280.0
0.046588398322100974,320.0,290.0
0.08240110697933858,320.0,300.0
0.117110004934677,320.0,310.0
0.10218758440699396,320.0,320.0
0.07111927032846029,320.0,330.0
0.04437780605266518,320.0,340.0
0.06983127076567902,320.0,350.0
0.11722948472832188,320.0,360.0
0.07247969127120941,320.0,370.0
0.0730292310609934,320.0,380.0
0.07149937816100944,320.0,390.0
0.1237104636660216,320.0,400.0
0.0525467710086336,320.0,410.0
0.06312090177199867,320.0,420.0
0.07890627426024885,320.0,430.0
0.16649456835891996,320.0,440.0
0.058777151391284574,320.0,450.0
0.058330590024766066,320.0,460.0
0.03867428495213844,320.0,470.0
0.04955658111478408,320.0,480.0
0.0884188887958132,320.0,490.0
0.056817493506239256,320.0,500.0
0.060524849045167306,330.0,1.0
0.0627601872485879,330.0,10.0
0.05527252488809034,330.0,20.0
0.055834913215062315,330.0,30.0
0.06320560690416908,330.0,40.0
0.06469455610333742,330.0,50.0
0.06161718164196876,330.0,60.0
0.17022752129065608,330.0,70.0
0.060217524238815025,330.0,80.0
0.06697823328135714,330.0,90.0
0.05840843996362564,330.0,100.0
0.049512157437365416,330.0,110.0
0.09617861840993447,330.0,120.0
0.24719506116245957,330.0,130.0
0.09386127203979619,330.0,140.0
0.048963649488909335,330.0,150.0
0.043221638571231256,330.0,160.0
0.04009310869642877,330.0,170.0
0.08662165233452647,330.0,180.0
0.06079885017369578,330.0,190.0
0.2678356028512707,330.0,200.0
0.06198743184494224,330.0,210.0
0.11016259415653044,330.0,220.0
0.06990090705349614,330.0,230.0
0.06478059911722364,330.0,240.0
0.08445139204099918,330.0,250.0
0.11755262968527305,330.0,260.0
0.11250741052106084,330.0,270.0
0.13475451167131497,330.0,280.0
0.0738669982796583,330.0,290.0
0.13893095343126313,330.0,300.0
0.0433107347814667,330.0,310.0
0.04529392884443078,330.0,320.0
0.07771228289894105,330.0,330.0
0.06798596344081938,330.0,340.0
0.11265183560401291,330.0,350.0
0.18624623140717123,330.0,360.0
0.13143512745941957,330.0,370.0
0.0632698513347423,330.0,380.0
0.047887139390819185,330.0,390.0
0.0521711097718063,330.0,400.0
0.06259848490069556,330.0,410.0
0.1548786085358647,330.0,420.0
0.11219506277258001,330.0,430.0
0.04043457843792738,330.0,440.0
0.04881604277432383,330.0,450.0
0.07574629940300927,330.0,460.0
0.05211997724778285,330.0,470.0
0.1733868118499946,330.0,480.0
0.06006842909857611,330.0,490.0
0.05548941065537611,330.0,500.0
0.04570581090434403,340.0,1.0
0.06772189533390119,340.0,10.0
0.36331577308999524,340.0,20.0
0.12422305461160038,340.0,30.0
0.04834373756946679,340.0,40.0
0.09942080021841479,340.0,50.0
0.06018505354405761,340.0,60.0
0.38954952372426477,340.0,70.0
0.07886104552672042,340.0,80.0
0.0666654501128724,340.0,90.0
0.0632151829368771,340.0,100.0
0.14691304939019315,340.0,110.0
0.06996451801308692,340.0,120.0
0.12325441750392288,340.0,130.0
0.44388259252289564,340.0,140.0
0.24707439764333153,340.0,150.0
0.04710851545312894,340.0,160.0
0.09615222931863672,340.0,170.0
0.06285173753647104,340.0,180.0
0.08535562491158118,340.0,190.0
0.06545301528390864,340.0,200.0
0.05255617461228635,340.0,210.0
0.07448976432633017,340.0,220.0
0.09211603861309124,340.0,230.0
0.09030768593112339,340.0,240.0
0.04598332265294312,340.0,250.0
0.05158173205660375,340.0,260.0
0.06068775913704362,340.0,270.0
0.052380786281183055,340.0,280.0
0.06261564098989199,340.0,290.0
0.0655851096068127,340.0,300.0
0.06388733070845722,340.0,310.0
0.06058762332551566,340.0,320.0
0.0733035025208909,340.0,330.0
0.04016082439299515,340.0,340.0
0.08447440656731744,340.0,350.0
0.07251861662873628,340.0,360.0
0.087890291929317,340.0,370.0
0.10153509067456519,340.0,380.0
0.06609274151682346,340.0,390.0
0.05483267921821259,340.0,400.0
0.07157929872598268,340.0,410.0
0.032147259349493126,340.0,420.0
0.06764079594817138,340.0,430.0
0.07124065453768377,340.0,440.0
0.05608039382520115,340.0,450.0
0.049701790431126595,340.0,460.0
0.04729554740381054,340.0,470.0
0.06820534288753526,340.0,480.0
0.12304905132866871,340.0,490.0
0.05799919625446057,340.0,500.0
0.05337851500679486,350.0,1.0
0.05604242251683235,350.0,10.0
0.06308156279110572,350.0,20.0
0.04260121032203809,350.0,30.0
0.030262604293853614,350.0,40.0
0.09580823593826737,350.0,50.0
0.3674305446745281,350.0,60.0
0.14629725329451304,350.0,70.0
0.11238683686586737,350.0,80.0
0.09353140132752925,350.0,90.0
0.05165318134773854,350.0,100.0
0.12948371165340067,350.0,110.0
0.05273340811116379,350.0,120.0
0.16974008429813778,350.0,130.0
0.17895010831151095,350.0,140.0
0.04728310826097763,350.0,150.0
0.15281964837046783,350.0,160.0
0.07238212629104826,350.0,170.0
0.10255081230353114,350.0,180.0
0.04868200033302,350.0,190.0
0.09572424044257544,350.0,200.0
0.14390972732285195,350.0,210.0
0.07110518604174486,350.0,220.0
0.1354687375675253,350.0,230.0
0.234880697786914,350.0,240.0
0.12090347902194241,350.0,250.0
0.15314759623990604,350.0,260.0
0.14871719456649338,350.0,270.0
0.08501636083429479,350.0,280.0
0.04824122477314376,350.0,290.0
0.03986580378901595,350.0,300.0
0.07690238913101871,350.0,310.0
0.038098601676639435,350.0,320.0
0.07311121485562423,350.0,330.0
0.04743984838166197,350.0,340.0
0.2113826758760274,350.0,350.0
0.09585047834749476,350.0,360.0
0.18363551125998137,350.0,370.0
0.09489876571267043,350.0,380.0
0.05425862480135682,350.0,390.0
0.05542806033186179,350.0,400.0
0.0538949716924739,350.0,410.0
0.06025218459351653,350.0,420.0
0.12674505207092773,350.0,430.0
0.03736638946586,350.0,440.0
0.04389735837433894,350.0,450.0
0.1619140545750154,350.0,460.0
0.058948579467117006,350.0,470.0
0.04929655770926992,350.0,480.0
0.08746524582555058,350.0,490.0
0.0677096257328251,350.0,500.0
0.03748864456993735,360.0,1.0
0.060334648251205734,360.0,10.0
0.08185661305666113,360.0,20.0
0.053391779322981704,360.0,30.0
0.07431934272848317,360.0,40.0
0.12224456825415145,360.0,50.0
0.37577174198377056,360.0,60.0
0.07109883496330449,360.0,70.0
0.13987728012227474,360.0,80.0
0.11626940116394749,360.0,90.0
0.09884677100928405,360.0,100.0
0.283374407346306,360.0,110.0
0.0773165754473503,360.0,120.0
0.07716047464379111,360.0,130.0
0.22873965288379175,360.0,140.0
0.07255903429216246,360.0,150.0
0.08501274300338837,360.0,160.0
0.31691902148949713,360.0,170.0
0.05861264676537614,360.0,180.0
0.15361772777942015,360.0,190.0
0.0847833186297362,360.0,200.0
0.13433354406899198,360.0,210.0
0.16333900128656612,360.0,220.0
0.09310435893090613,360.0,230.0
0.13303766886822566,360.0,240.0
0.13007588888285343,360.0,250.0
0.06484165569150965,360.0,260.0
0.05147765466432964,360.0,270.0
0.041942750875127305,360.0,280.0
0.11270424989491958,360.0,290.0
0.1482904758100996,360.0,300.0
0.06496084474945799,360.0,310.0
0.05178035485593563,360.0,320.0
0.08637343206095455,360.0,330.0
0.0703005468301795,360.0,340.0
0.20827496504376894,360.0,350.0
0.053499254712752395,360.0,360.0
0.0832129718182428,360.0,370.0
0.10984859843798542,360.0,380.0
0.06391306272843109,360.0,390.0
0.21031703113814793,360.0,400.0
0.0877434552099909,360.0,410.0
0.04781107614221898,360.0,420.0
0.05463740402439764,360.0,430.0
0.0765663317538959,360.0,440.0
0.15842080282245136,360.0,450.0
0.06230943578356679,360.0,460.0
0.15970135604634425,360.0,470.0
0.08075097192522811,360.0,480.0
0.19514226731231768,360.0,490.0
0.07409305240111876,360.0,500.0
0.10326917532172036,370.0,1.0
0.06397458005810364,370.0,10.0
0.06950125469525999,370.0,20.0
0.11439989698799594,370.0,30.0
0.041080773596865586,370.0,40.0
0.052261354005248895,370.0,50.0
0.10541110204327678,370.0,60.0
0.13650597537985468,370.0,70.0
0.1290238048236436,370.0,80.0
0.07753396985747232,370.0,90.0
0.24488445851579652,370.0,100.0
0.06762264963834302,370.0,110.0
0.32480096309815676,370.0,120.0
0.07744536435408352,370.0,130.0
0.08574957975680714,370.0,140.0
0.07964675270054404,370.0,150.0
0.07665447304381862,370.0,160.0
0.1292843467288998,370.0,170.0
0.0744563194457982,370.0,180.0
0.07657108080636439,370.0,190.0
0.10957234262801378,370.0,200.0
0.047363843279840355,370.0,210.0
0.28158941201999493,370.0,220.0
0.08822196579942475,370.0,230.0
0.0590060756057143,370.0,240.0
0.13805960861130792,370.0,250.0
0.057247894970745325,370.0,260.0
0.200409559412194,370.0,270.0
0.12371287522891126,370.0,280.0
0.046044088720374556,370.0,290.0
0.06600183054915465,370.0,300.0
0.21906297935191854,370.0,310.0
0.06790149285293252,370.0,320.0
0.17306099811526185,370.0,330.0
0.052210374275558726,370.0,340.0
0.0559154724445317,370.0,350.0
0.12432151042167418,370.0,360.0
0.1264443943742466,370.0,370.0
0.06753052957594918,370.0,380.0
0.03454226260974004,370.0,390.0
0.05189339993870183,370.0,400.0
0.14264520752162077,370.0,410.0
0.059192436373767025,370.0,420.0
0.1759189956538868,370.0,430.0
0.058033471914470766,370.0,440.0
0.08835044351795644,370.0,450.0
0.06510830005713054,370.0,460.0
0.07279822077904106,370.0,470.0
0.05605869602631601,370.0,480.0
0.13400533490051827,370.0,490.0
0.056763367424324696,370.0,500.0
0.09784599586793642,380.0,1.0
0.03890726223986432,380.0,10.0
0.06277430248217017,380.0,20.0
0.08368996093464065,380.0,30.0
0.11054397348951708,380.0,40.0
0.07141861885503763,380.0,50.0
0.18145103468732765,380.0,60.0
0.043342023794664175,380.0,70.0
0.05510762022067118,380.0,80.0
0.0801613661114435,380.0,90.0
0.09509280312574173,380.0,100.0
0.08579005930264705,380.0,110.0
0.13374219955135258,380.0,120.0
0.0831326191299801,380.0,130.0
0.06770507161984342,380.0,140.0
0.09318725274994494,380.0,150.0
0.05695164877779922,380.0,160.0
0.035539589285303055,380.0,170.0
0.058450894644688764,380.0,180.0
0.053218236877166494,380.0,190.0
0.055364643328122805,380.0,200.0
0.05650338084287355,380.0,210.0
0.04749342692004435,380.0,220.0
0.08589508831965373,380.0,230.0
0.06873728834817408,380.0,240.0
0.061579353278112925,380.0,250.0
0.0549282174320888,380.0,260.0
0.10600183912959132,380.0,270.0
0.053202740976587115,380.0,280.0
0.0846379019182969,380.0,290.0
0.08856757903162688,380.0,300.0
0.23370711368886093,380.0,310.0
0.10109279193926465,380.0,320.0
0.15642920986107792,380.0,330.0
0.08919141408818984,380.0,340.0
0.1210211749211691,380.0,350.0
0.04769040682998836,380.0,360.0
0.07552337279309108,380.0,370.0
0.05005375884664177,380.0,380.0
0.08308016252150399,380.0,390.0
0.06069189119797934,380.0,400.0
0.1361581461369694,380.0,410.0
0.05057298936142406,380.0,420.0
0.061150324636924144,380.0,430.0
0.044497157547090674,380.0,440.0
0.05005203633626732,380.0,450.0
0.055280728516914165,380.0,460.0
0.0530127491563631,380.0,470.0
0.06742650653689244,380.0,480.0
0.08335175476832117,380.0,490.0
0.09734640160210975,380.0,500.0
0.04939607783049289,390.0,1.0
0.04695280209171254,390.0,10.0
0.05158905719236382,390.0,20.0
0.17727711105588376,390.0,30.0
0.1977101212665874,390.0,40.0
0.05012636783168196,390.0,50.0
0.05151217590499825,390.0,60.0
0.04732042084944091,390.0,70.0
0.217370079146309,390.0,80.0
0.15485398090088998,390.0,90.0
0.08416755942957241,390.0,100.0
0.039928621455756284,390.0,110.0
0.09939686944273018,390.0,120.0
0.12347022158706689,390.0,130.0
0.048021467457781096,390.0,140.0
0.19341892284650433,390.0,150.0
0.05995727111478433,390.0,160.0
0.052387912793819026,390.0,170.0
0.05589819494441896,390.0,180.0
0.06896707498200864,390.0,190.0
0.06483712777446556,390.0,200.0
0.05262732271600516,390.0,210.0
0.07644685552381526,390.0,220.0
0.19695207638914944,390.0,230.0
0.06683598004509711,390.0,240.0
0.15627565991907305,390.0,250.0
0.1521635600319996,390.0,260.0
0.2921160812152531,390.0,270.0
0.06159384959762399,390.0,280.0
0.06349875917999308,390.0,290.0
0.1704542094038932,390.0,300.0
0.17659458895225633,390.0,310.0
0.06859565833708764,390.0,320.0
0.05643953876349611,390.0,330.0
0.0882527538054162,390.0,340.0
0.04328601291507907,390.0,350.0
0.06865969916311507,390.0,360.0
0.048441860974598024,390.0,370.0
0.11405711483345055,390.0,380.0
0.07289751739279848,390.0,390.0
0.062318779420975266,390.0,400.0
0.05652848374682787,390.0,410.0
0.07154005191977782,390.0,420.0
0.15595649221058802,390.0,430.0
0.08248412615651217,390.0,440.0
0.06467521452197271,390.0,450.0
0.1436858440479199,390.0,460.0
0.045884224048265226,390.0,470.0
0.05400308666221938,390.0,480.0
0.04276756835477133,390.0,490.0
0.06130422891261864,390.0,500.0
0.06652701165902496,400.0,1.0
0.05720071822567753,400.0,10.0
0.07153582905279784,400.0,20.0
0.05919517515053626,400.0,30.0
0.0811655924512972,400.0,40.0
0.14792999202798165,400.0,50.0
0.04608328241267143,400.0,60.0
0.1583050066448285,400.0,70.0
0.05354053778746044,400.0,80.0
0.13667527655820916,400.0,90.0
0.08993705592877249,400.0,100.0
0.09356814224920565,400.0,110.0
0.08557766408817422,400.0,120.0
0.149715569869295,400.0,130.0
0.07431481262310925,400.0,140.0
0.1261273505801032,400.0,150.0
0.09060146472453247,400.0,160.0
0.08954404085137314,400.0,170.0
0.10067848977726136,400.0,180.0
0.21429292633737435,400.0,190.0
0.06336150433949114,400.0,200.0
0.07032005099236305,400.0,210.0
0.0785842044509204,400.0,220.0
0.06312330557413495,400.0,230.0
0.08094676758530807,400.0,240.0
0.1250958472883215,400.0,250.0
0.06548055828236513,400.0,260.0
0.1300609514507696,400.0,270.0
0.11275488012860073,400.0,280.0
0.21919040289390873,400.0,290.0
0.07888077688290605,400.0,300.0
0.0476755137429321,400.0,310.0
0.09738966024270122,400.0,320.0
0.2432840997690649,400.0,330.0
0.056898640409043404,400.0,340.0
0.06668339136207757,400.0,350.0
0.07106453209600723,400.0,360.0
0.06086978744899765,400.0,370.0
0.12360650816732038,400.0,380.0
0.13667795100466168,400.0,390.0
0.07652313791029894,400.0,400.0
0.06062151123919039,400.0,410.0
0.06380365361044701,400.0,420.0
0.047048411043008075,400.0,430.0
0.04706007744907023,400.0,440.0
0.08379996159095172,400.0,450.0
0.05748084450340817,400.0,460.0
0.050130182794610054,400.0,470.0
0.1280959840482216,400.0,480.0
0.05216413469229322,400.0,490.0
0.07701517944796477,400.0,500.0
0.06338455350761686,410.0,1.0
0.0863933098569508,410.0,10.0
0.10688033877203626,410.0,20.0
0.06074648698561001,410.0,30.0
0.11722976076494297,410.0,40.0
0.05126621253168638,410.0,50.0
0.14549306638640214,410.0,60.0
0.0682822104480044,410.0,70.0
0.0959685552388897,410.0,80.0
0.06580638732666917,410.0,90.0
0.13359287894669217,410.0,100.0
0.06821398158038935,410.0,110.0
0.08567309521673112,410.0,120.0
0.06570872802107813,410.0,130.0
0.0869378474151243,410.0,140.0
0.07156048173826916,410.0,150.0
0.03609611704284052,410.0,160.0
0.06550243596354274,410.0,170.0
0.048738038466156576,410.0,180.0
0.055566498557938486,410.0,190.0
0.07770596343988453,410.0,200.0
0.22462508965954606,410.0,210.0
0.12966228051714787,410.0,220.0
0.08313049062670437,410.0,230.0
0.04729366713754746,410.0,240.0
0.05101038704412485,410.0,250.0
0.19104745600898324,410.0,260.0
0.07379180482631122,410.0,270.0
0.07692692545812628,410.0,280.0
0.04726456959338013,410.0,290.0
0.07187341137742767,410.0,300.0
0.13283560161110958,410.0,310.0
0.133002857060912,410.0,320.0
0.07819344858566066,410.0,330.0
0.04143401884189797,410.0,340.0
0.05098082404839011,410.0,350.0
0.03657341424238766,410.0,360.0
0.08577319674242768,410.0,370.0
0.16810540211487357,410.0,380.0
0.0885178048367026,410.0,390.0
0.129779577589629,410.0,400.0
0.09710935277444856,410.0,410.0
0.07219582939660313,410.0,420.0
0.07094408915931547,410.0,430.0
0.1282479297738624,410.0,440.0
0.10490064631549752,410.0,450.0
0.13486578602784569,410.0,460.0
0.12362477529093938,410.0,470.0
0.09838029851967153,410.0,480.0
0.18846504004659745,410.0,490.0
0.06911031164522807,410.0,500.0
0.09429979955010173,420.0,1.0
0.07470786253851526,420.0,10.0
0.06871952678785437,420.0,20.0
0.06961411245714723,420.0,30.0
0.08343338484865412,420.0,40.0
0.13429484025646438,420.0,50.0
0.07352665014503341,420.0,60.0
0.10185640089266876,420.0,70.0
0.08397173439157227,420.0,80.0
0.06433913636572516,420.0,90.0
0.18434352786347843,420.0,100.0
0.08897175590421987,420.0,110.0
0.06638105333292534,420.0,120.0
0.32150845330753147,420.0,130.0
0.038044761334794376,420.0,140.0
0.10536073779927918,420.0,150.0
0.1749746559456784,420.0,160.0
0.07373982794612183,420.0,170.0
0.20886998118765493,420.0,180.0
0.05495954541879941,420.0,190.0
0.04445426332585785,420.0,200.0
0.05817019615825339,420.0,210.0
0.10045294643660455,420.0,220.0
0.038235656245359385,420.0,230.0
0.07720582492155367,420.0,240.0
0.21326855676020368,420.0,250.0
0.043250846586234376,420.0,260.0
0.061201926495775445,420.0,270.0
0.06364768810177432,420.0,280.0
0.0554024253391428,420.0,290.0
0.04789853594505037,420.0,300.0
0.08350143059748064,420.0,310.0
0.11608295657945025,420.0,320.0
0.27084514556780037,420.0,330.0
0.07092556147578193,420.0,340.0
0.06252274774334632,420.0,350.0
0.05800102840171159,420.0,360.0
0.06302453844111314,420.0,370.0
0.05731608029422208,420.0,380.0
0.05273901076052801,420.0,390.0
0.10588324294351935,420.0,400.0
0.07074727466742353,420.0,410.0
0.03687081328852964,420.0,420.0
0.0707599839554474,420.0,430.0
0.06222612692688889,420.0,440.0
0.1124926242040995,420.0,450.0
0.042896551586251774,420.0,460.0
0.047169716894299385,420.0,470.0
0.10577698258019826,420.0,480.0
0.048849255376055924,420.0,490.0
0.06539770226080519,420.0,500.0
0.04192585552786235,430.0,1.0
0.24718164664361195,430.0,10.0
0.07911176609392055,430.0,20.0
0.04041927619030983,430.0,30.0
0.08089955866824151,430.0,40.0
0.07730037492212091,430.0,50.0
0.2786993241921036,430.0,60.0
0.10537338971119241,430.0,70.0
0.16578866066735787,430.0,80.0
0.03459107652717807,430.0,90.0
0.12041138132484612,430.0,100.0
0.07511153840858749,430.0,110.0
0.13379462345182075,430.0,120.0
0.09142072256299297,430.0,130.0
0.05390289505483696,430.0,140.0
0.1781171241235417,430.0,150.0
0.06213700300934975,430.0,160.0
0.061180786791561206,430.0,170.0
0.18192881433819075,430.0,180.0
0.06968865544920264,430.0,190.0
0.057869469033329485,430.0,200.0
0.19112548283398942,430.0,210.0
0.11548740158663509,430.0,220.0
0.050925763386369394,430.0,230.0
0.04628316040118403,430.0,240.0
0.09943663807999925,430.0,250.0
0.048596379543293725,430.0,260.0
0.1178031177122422,430.0,270.0
0.10784230014277178,430.0,280.0
0.05569016476757313,430.0,290.0
0.09060975835548901,430.0,300.0
0.03881018177233233,430.0,310.0
0.1399311508018219,430.0,320.0
0.060421033957218574,430.0,330.0
0.04359809817431263,430.0,340.0
0.05023666796676006,430.0,350.0
0.13718229995395,430.0,360.0
0.1039061974537511,430.0,370.0
0.05339773525378045,430.0,380.0
0.10316052860039934,430.0,390.0
0.2525309295242296,430.0,400.0
0.09986488321365368,430.0,410.0
0.0474799412139093,430.0,420.0
0.048625956675032375,430.0,430.0
0.1652417536101646,430.0,440.0
0.07652965136660281,430.0,450.0
0.08308492002858409,430.0,460.0
0.11108888600220605,430.0,470.0
0.10427312612993779,430.0,480.0
0.04402716838100127,430.0,490.0
0.0529178093396847,430.0,500.0
0.0683888018284099,440.0,1.0
0.06530924506784401,440.0,10.0
0.06274331160458668,440.0,20.0
0.19706434266930792,440.0,30.0
0.16340667418628693,440.0,40.0
0.1132175276537916,440.0,50.0
0.0648964042289552,440.0,60.0
0.4278324099164741,440.0,70.0
0.19858454799444292,440.0,80.0
0.08797547084331184,440.0,90.0
0.16634047785515502,440.0,100.0
0.0768714563936844,440.0,110.0
0.06273901212267119,440.0,120.0
0.1350136799360479,440.0,130.0
0.21868454077184926,440.0,140.0
0.31077800761245317,440.0,150.0
0.037346388685901996,440.0,160.0
0.10799378282628959,440.0,170.0
0.08157194562010497,440.0,180.0
0.044750124417125815,440.0,190.0
0.04386321693472985,440.0,200.0
0.24677182712172885,440.0,210.0
0.2878762376518766,440.0,220.0
0.1228768726762334,440.0,230.0
0.10372097579829397,440.0,240.0
0.26947785372466954,440.0,250.0
0.06751183416845064,440.0,260.0
0.04947756770041015,440.0,270.0
0.11470442020422449,440.0,280.0
0.12158989798693011,440.0,290.0
0.05951733284308553,440.0,300.0
0.07457378195008485,440.0,310.0
0.0574326981669334,440.0,320.0
0.38419819944633266,440.0,330.0
0.04666565769585964,440.0,340.0
0.07228347176918504,440.0,350.0
0.07966532159265742,440.0,360.0
0.07980317388086317,440.0,370.0
0.1462431161484306,440.0,380.0
0.08204440511716869,440.0,390.0
0.17374573979973487,440.0,400.0
0.07938827552188582,440.0,410.0
0.054995049103431226,440.0,420.0
0.09075909654505025,440.0,430.0
0.07685927556331723,440.0,440.0
0.047319788152286664,440.0,450.0
0.14821812656514288,440.0,460.0
0.05228786582724606,440.0,470.0
0.06624853325959792,440.0,480.0
0.08151168419936244,440.0,490.0
0.05148788072740776,440.0,500.0
0.05010303627196512,450.0,1.0
0.06170694344837196,450.0,10.0
0.04411088315225193,450.0,20.0
0.07230357200215115,450.0,30.0
0.05614594566520521,450.0,40.0
0.22680053159364583,450.0,50.0
0.10812819706786794,450.0,60.0
0.1735653748241908,450.0,70.0
0.0824155682432725,450.0,80.0
0.04633194485064464,450.0,90.0
0.1857034431849405,450.0,100.0
0.06950798519809838,450.0,110.0
0.18180730234570172,450.0,120.0
0.10063314964752867,450.0,130.0
0.12175849166778574,450.0,140.0
0.16656541850439585,450.0,150.0
0.12694959679506063,450.0,160.0
0.06424813180148992,450.0,170.0
0.04633478619627726,450.0,180.0
0.2785744666926893,450.0,190.0
0.05146772868134915,450.0,200.0
0.0799159503875669,450.0,210.0
0.34147436234209205,450.0,220.0
0.18805651254769004,450.0,230.0
0.044799070916709545,450.0,240.0
0.15382065259211902,450.0,250.0
0.10229962657380645,450.0,260.0
0.04764919766124926,450.0,270.0
0.04333050728948364,450.0,280.0
0.1538066163039723,450.0,290.0
0.08673286510559472,450.0,300.0
0.10392357284480001,450.0,310.0
0.11103921765561306,450.0,320.0
0.10833872526862301,450.0,330.0
0.05042115578363699,450.0,340.0
0.0907747620249002,450.0,350.0
0.049188227441156515,450.0,360.0
0.04738275068332965,450.0,370.0
0.12989310869203793,450.0,380.0
0.07227800216329194,450.0,390.0
0.1457854708631739,450.0,400.0
0.09780759915991898,450.0,410.0
0.15630775688387102,450.0,420.0
0.0898650416283116,450.0,430.0
0.047459322872388826,450.0,440.0
0.10704899913193497,450.0,450.0
0.14581455335910698,450.0,460.0
0.04676473770753299,450.0,470.0
0.09672664337760288,450.0,480.0
0.02119699298713794,450.0,490.0
0.09311689479080233,450.0,500.0
0.10058452738324858,460.0,1.0
0.16544680503837916,460.0,10.0
0.2359568493092967,460.0,20.0
0.0945735381962673,460.0,30.0
0.10219097687696858,460.0,40.0
0.11127948727659129,460.0,50.0
0.06630692506131872,460.0,60.0
0.07957827271700126,460.0,70.0
0.11568014092084407,460.0,80.0
0.09350025779744889,460.0,90.0
0.5559279071333485,460.0,100.0
0.08229741300692481,460.0,110.0
0.10501083780178762,460.0,120.0
0.09017937664839065,460.0,130.0
0.1307115566610732,460.0,140.0
0.05561546450700397,460.0,150.0
0.06819093257264026,460.0,160.0
0.10906528055542297,460.0,170.0
0.11587129174475333,460.0,180.0
0.5083469442831213,460.0,190.0
0.07249200757509151,460.0,200.0
0.05466047288029215,460.0,210.0
0.07689373081075038,460.0,220.0
0.04520318541723016,460.0,230.0
0.150780083483191,460.0,240.0
0.09837998865809211,460.0,250.0
0.045373690509946524,460.0,260.0
0.0876914857549983,460.0,270.0
0.2000542275196696,460.0,280.0
0.5323352648614256,460.0,290.0
0.04918029429333134,460.0,300.0
0.03900266282286541,460.0,310.0
0.3484044446531813,460.0,320.0
0.07474637639122259,460.0,330.0
0.0864775312043487,460.0,340.0
0.07434605937004427,460.0,350.0
0.039208817586734446,460.0,360.0
0.047823092098924685,460.0,370.0
0.06937089931608832,460.0,380.0
0.08803463944393822,460.0,390.0
0.04972512849327897,460.0,400.0
0.08695442856003666,460.0,410.0
0.12627444583014552,460.0,420.0
0.08065768667667689,460.0,430.0
0.09222937233873854,460.0,440.0
0.2758124695609739,460.0,450.0
0.08408524530649258,460.0,460.0
0.09343956053768662,460.0,470.0
0.053080866525392574,460.0,480.0
0.0880623087058926,460.0,490.0
0.05318547464910553,460.0,500.0
0.1741449523095358,470.0,1.0
0.05080560465595871,470.0,10.0
0.06448576387145223,470.0,20.0
0.07803919235571831,470.0,30.0
0.12921549976403593,470.0,40.0
0.13801318195337736,470.0,50.0
0.14309073441795786,470.0,60.0
0.042461402402761944,470.0,70.0
0.058326957993381875,470.0,80.0
0.07584842201718414,470.0,90.0
0.07467263803202845,470.0,100.0
0.0836944820912869,470.0,110.0
0.08187366985775196,470.0,120.0
0.11859390294610091,470.0,130.0
0.09996270163889028,470.0,140.0
0.10790924040346697,470.0,150.0
0.10760477967082031,470.0,160.0
0.05081295418094304,470.0,170.0
0.16595387496120909,470.0,180.0
0.1096813602421905,470.0,190.0
0.07120491149845366,470.0,200.0
0.23391093263179158,470.0,210.0
0.09792283005204912,470.0,220.0
0.0762045798041098,470.0,230.0
0.067015386148053,470.0,240.0
0.10893732373164286,470.0,250.0
0.04529265817345987,470.0,260.0
0.09489465098333906,470.0,270.0
0.1406583819738643,470.0,280.0
0.19976114946834503,470.0,290.0
0.05228630965082174,470.0,300.0
0.043547753561635726,470.0,310.0
0.052720300785824924,470.0,320.0
0.15815553553774395,470.0,330.0
0.2793520558619416,470.0,340.0
0.08105148665838552,470.0,350.0
0.11525551242562303,470.0,360.0
0.1501361737587074,470.0,370.0
0.05697167881240716,470.0,380.0
0.061199708092920996,470.0,390.0
0.05459772429683046,470.0,400.0
0.053466361124454395,470.0,410.0
0.07788060183293664,470.0,420.0
0.06247306473067827,470.0,430.0
0.07057937969205626,470.0,440.0
0.09992718801688871,470.0,450.0
0.09443354132699036,470.0,460.0
0.06716699501258047,470.0,470.0
0.0399649693794968,470.0,480.0
0.14132162297390474,470.0,490.0
0.048772754047306945,470.0,500.0
0.06434875880752679,480.0,1.0
0.20597639474091575,480.0,10.0
0.07252773074785887,480.0,20.0
0.05920663336804613,480.0,30.0
0.2765754883127809,480.0,40.0
0.09236779369582429,480.0,50.0
0.05894624012526055,480.0,60.0
0.07956720276821819,480.0,70.0
0.06986837551603622,480.0,80.0
0.061315189180641654,480.0,90.0
0.09068386806779682,480.0,100.0
0.2257906895982066,480.0,110.0
0.1278173955917048,480.0,120.0
0.05102496872706385,480.0,130.0
0.07486275771096874,480.0,140.0
0.1452189239986098,480.0,150.0
0.13972019266856478,480.0,160.0
0.057635197183644654,480.0,170.0
0.05327217853390462,480.0,180.0
0.06352687221950266,480.0,190.0
0.05667245467964113,480.0,200.0
0.05510439959996016,480.0,210.0
0.19872532345705565,480.0,220.0
0.09292534657919906,480.0,230.0
0.12377983561976483,480.0,240.0
0.04229330779388849,480.0,250.0
0.12376466552851915,480.0,260.0
0.10685920034860205,480.0,270.0
0.13006498212563125,480.0,280.0
0.5995163628205269,480.0,290.0
0.07962623865505168,480.0,300.0
0.08264320358175958,480.0,310.0
0.11468595422258702,480.0,320.0
0.12252760946654327,480.0,330.0
0.10479541436996985,480.0,340.0
0.10224995613663071,480.0,350.0
0.1271957589111064,480.0,360.0
0.12437500897468357,480.0,370.0
0.12419340883019057,480.0,380.0
0.04836053017137512,480.0,390.0
0.0652446957461687,480.0,400.0
0.11571076858681231,480.0,410.0
0.1307016499946575,480.0,420.0
0.10559908072263019,480.0,430.0
0.04463850448970101,480.0,440.0
0.14085175627461716,480.0,450.0
0.0747327946141743,480.0,460.0
0.037697812746255444,480.0,470.0
0.07808023399832814,480.0,480.0
0.055910054009641275,480.0,490.0
0.05726491747591313,480.0,500.0
0.05254740804252818,490.0,1.0
0.061239041871227314,490.0,10.0
0.07190830342985005,490.0,20.0
0.05243096066729786,490.0,30.0
0.15719706261581728,490.0,40.0
0.09375311104896483,490.0,50.0
0.07491374192383211,490.0,60.0
0.07591534386667687,490.0,70.0
0.053454006071683276,490.0,80.0
0.1131452582589964,490.0,90.0
0.22471844016613818,490.0,100.0
0.09592789006600155,490.0,110.0
0.0443901181020867,490.0,120.0
0.06691150624266798,490.0,130.0
0.04697719815643681,490.0,140.0
0.27575175517822426,490.0,150.0
0.0852640877220172,490.0,160.0
0.05535944490419689,490.0,170.0
0.14843539786793725,490.0,180.0
0.3645675940189588,490.0,190.0
0.0599328458660866,490.0,200.0
0.050452694568009854,490.0,210.0
0.14700062398402616,490.0,220.0
0.08950053024560226,490.0,230.0
0.2548896319358411,490.0,240.0
0.14200351486205726,490.0,250.0
0.059415004399862234,490.0,260.0
0.1639063998857021,490.0,270.0
0.19393423015712927,490.0,280.0
0.1292469841667153,490.0,290.0
0.1263509289441569,490.0,300.0
0.052674905378716066,490.0,310.0
0.0902953994906472,490.0,320.0
0.14044645266065348,490.0,330.0
0.19945608672252665,490.0,340.0
0.08709849751683468,490.0,350.0
0.10012671182263957,490.0,360.0
0.1526634405894062,490.0,370.0
0.09587209041874545,490.0,380.0
0.12217928120377157,490.0,390.0
0.07613226689007799,490.0,400.0
0.2074055007073199,490.0,410.0
0.1837911557960188,490.0,420.0
0.04610251849138129,490.0,430.0
0.07459936488991166,490.0,440.0
0.05458190639542525,490.0,450.0
0.04355412233253748,490.0,460.0
0.06229067019984182,490.0,470.0
0.08105302506501301,490.0,480.0
0.08617171793601765,490.0,490.0
0.09793627680041772,490.0,500.0
0.07153137427363085,500.0,1.0
0.5612757089484485,500.0,10.0
0.058456309228848986,500.0,20.0
0.07307184706255081,500.0,30.0
0.07130553016049902,500.0,40.0
0.1494920420819074,500.0,50.0
0.08249473809172725,500.0,60.0
0.0871670203173896,500.0,70.0
0.061138533721145055,500.0,80.0
0.0676307181262291,500.0,90.0
0.26585116199476555,500.0,100.0
0.27852762937859643,500.0,110.0
0.27769321210357295,500.0,120.0
0.5236565214295188,500.0,130.0
0.0956749295999548,500.0,140.0
0.08704279902194229,500.0,150.0
0.07075302659977065,500.0,160.0
0.13532343539064504,500.0,170.0
0.06530274633624572,500.0,180.0
0.09418248062671919,500.0,190.0
0.10511286555556626,500.0,200.0
0.1366383006844873,500.0,210.0
0.11603581095288568,500.0,220.0
0.09613246320049279,500.0,230.0
0.11691785407529948,500.0,240.0
0.05071794693318672,500.0,250.0
0.07323251594893226,500.0,260.0
0.04217404904202523,500.0,270.0
0.058048613390177986,500.0,280.0
0.07512525825549655,500.0,290.0
0.2162724835449351,500.0,300.0
0.11287189482239288,500.0,310.0
0.04295697916743578,500.0,320.0
0.14032339902334867,500.0,330.0
0.049945534402508276,500.0,340.0
0.06832200968020122,500.0,350.0
0.07833926523277643,500.0,360.0
0.059631641812920806,500.0,370.0
0.09739359578675999,500.0,380.0
0.14179997870682806,500.0,390.0
0.06781915111551534,500.0,400.0
0.08061381158852943,500.0,410.0
0.05379562673359796,500.0,420.0
0.09992244564860439,500.0,430.0
0.039483180690375715,500.0,440.0
0.12571698637290213,500.0,450.0
0.04041525642462124,500.0,460.0
0.05289758243710546,500.0,470.0
0.06005839235151241,500.0,480.0
0.10938144611020637,500.0,490.0
0.243128052221947,500.0,500.0
