Time:,16:07:57.846253
MSE,Epochs,Learing rate
0.05476929335993912,10.0,0.0001
0.04569799172401311,10.0,0.000115
0.04543170362816849,10.0,0.000133
0.046330890385606505,10.0,0.000154
0.044525389166732945,10.0,0.000178
0.045513746619352306,10.0,0.000205
0.04331061602866128,10.0,0.000237
0.04540482628502683,10.0,0.000274
0.04574982871516408,10.0,0.000316
0.04238208673645644,10.0,0.000365
0.04394105158822707,10.0,0.000422
0.04415681472824451,10.0,0.000487
0.043735344826233605,10.0,0.000562
0.04369014545273555,10.0,0.000649
0.041730101114505314,10.0,0.00075
0.04403860790916774,10.0,0.000866
0.043226936284426226,10.0,0.001
0.04372079312602636,10.0,0.001155
0.042399485569948714,10.0,0.001334
0.041950907383892476,10.0,0.00154
0.04212778969875275,10.0,0.001778
0.04398152515042315,10.0,0.002054
0.03632126096214598,10.0,0.002371
0.043826509063308414,10.0,0.002738
0.0470039704188442,10.0,0.003162
0.03952578101067613,10.0,0.003652
0.03534084337853191,10.0,0.004217
0.03255117261939253,10.0,0.00487
0.036048915412208865,10.0,0.005623
0.036621953067652355,10.0,0.006494
0.04468783423788981,10.0,0.007499
0.05059021049801997,10.0,0.00866
0.039781046003872625,10.0,0.01
0.04014245908586674,10.0,0.011548
0.040409792371122695,10.0,0.013335
0.04687673580986705,10.0,0.015399
0.04368939468639311,10.0,0.017783
0.03530409211320955,10.0,0.020535
0.052084327231589456,10.0,0.023714
0.06845252256010809,10.0,0.027384
0.044882630698005216,10.0,0.031623
0.053724700753454514,10.0,0.036517
0.04966436358621471,10.0,0.04217
0.05000574538239852,10.0,0.048697
0.0433604022214385,10.0,0.056234
0.03788174430762087,10.0,0.064938
0.04165986211607534,10.0,0.074989
0.042303670736951675,10.0,0.086596
0.04701078439641026,10.0,0.1
0.044530732783994185,20.0,0.0001
0.04714534053071286,20.0,0.000115
0.044594257116911284,20.0,0.000133
0.044156368887595956,20.0,0.000154
0.04480519073510691,20.0,0.000178
0.045973360772720295,20.0,0.000205
0.043885271494868455,20.0,0.000237
0.04302512622943898,20.0,0.000274
0.04343773158520063,20.0,0.000316
0.04593304697933023,20.0,0.000365
0.04288545880846173,20.0,0.000422
0.04331911848925324,20.0,0.000487
0.043011748116009274,20.0,0.000562
0.044976603236754654,20.0,0.000649
0.043125073266976656,20.0,0.00075
0.04472204544423187,20.0,0.000866
0.04077583574540807,20.0,0.001
0.04104029602459672,20.0,0.001155
0.045556678481663906,20.0,0.001334
0.042640441507919055,20.0,0.00154
0.038561494610836265,20.0,0.001778
0.0441238734960432,20.0,0.002054
0.03171657824661723,20.0,0.002371
0.03495880116845386,20.0,0.002738
0.03614435403227133,20.0,0.003162
0.0415518551882124,20.0,0.003652
0.03785907473340836,20.0,0.004217
0.05229939895048604,20.0,0.00487
0.05519199478822175,20.0,0.005623
0.053503231548756414,20.0,0.006494
0.04587152702850334,20.0,0.007499
0.045061941597373825,20.0,0.00866
0.060100051681675544,20.0,0.01
0.07465448058847451,20.0,0.011548
0.03778078094807316,20.0,0.013335
0.047148899675595074,20.0,0.015399
0.05651071368936586,20.0,0.017783
0.037449038292922954,20.0,0.020535
0.0757371796716565,20.0,0.023714
0.13930086251865179,20.0,0.027384
0.06818315490450094,20.0,0.031623
0.05093937702764871,20.0,0.036517
0.05992773488797595,20.0,0.04217
0.05072607760609757,20.0,0.048697
0.04041490837819827,20.0,0.056234
0.057807611386869594,20.0,0.064938
0.04406341363035753,20.0,0.074989
0.04402365945650779,20.0,0.086596
0.0960111846352807,20.0,0.1
0.04337934801195832,30.0,0.0001
0.04378990507029822,30.0,0.000115
0.04575318328068273,30.0,0.000133
0.04865281166111981,30.0,0.000154
0.04459810412705856,30.0,0.000178
0.04406039846793904,30.0,0.000205
0.04364670366441344,30.0,0.000237
0.042322735092734536,30.0,0.000274
0.04394974986520121,30.0,0.000316
0.044709595766122844,30.0,0.000365
0.045109076626107754,30.0,0.000422
0.0423816254199952,30.0,0.000487
0.043006347582404146,30.0,0.000562
0.03888934382611653,30.0,0.000649
0.04033776313821247,30.0,0.00075
0.0392746488562879,30.0,0.000866
0.04246531293090784,30.0,0.001
0.044407564496679666,30.0,0.001155
0.03220679098436026,30.0,0.001334
0.03930571778078173,30.0,0.00154
0.038715981697021166,30.0,0.001778
0.046395677676650544,30.0,0.002054
0.04886119678136462,30.0,0.002371
0.03783834614795699,30.0,0.002738
0.03126922047691415,30.0,0.003162
0.03048314598836019,30.0,0.003652
0.05300777285856924,30.0,0.004217
0.043205347952599185,30.0,0.00487
0.04822273231182777,30.0,0.005623
0.031529112673128794,30.0,0.006494
0.055251465638309225,30.0,0.007499
0.07979578305020518,30.0,0.00866
0.034042373338025685,30.0,0.01
0.05344006254702019,30.0,0.011548
0.06577734029267998,30.0,0.013335
0.0505326732779977,30.0,0.015399
0.061808040793872865,30.0,0.017783
0.05948059553697463,30.0,0.020535
0.046158984764552324,30.0,0.023714
0.062350231514400396,30.0,0.027384
0.04522556981417517,30.0,0.031623
0.10199437115713902,30.0,0.036517
0.048549582353006146,30.0,0.04217
0.05326455196951427,30.0,0.048697
0.07387771805885804,30.0,0.056234
0.03761678627768286,30.0,0.064938
0.048547227851974906,30.0,0.074989
0.04001171653515134,30.0,0.086596
0.07398922817035389,30.0,0.1
0.044187997286027715,40.0,0.0001
0.0445713879559228,40.0,0.000115
0.044506338389566025,40.0,0.000133
0.044248898072378494,40.0,0.000154
0.04312878983415033,40.0,0.000178
0.044194326933895765,40.0,0.000205
0.0442543463368824,40.0,0.000237
0.04380802196738795,40.0,0.000274
0.04241335032909251,40.0,0.000316
0.04263923670319761,40.0,0.000365
0.041464518503553094,40.0,0.000422
0.03665450508689497,40.0,0.000487
0.039751859432701875,40.0,0.000562
0.04204913162893238,40.0,0.000649
0.03687846971191007,40.0,0.00075
0.03422669629224441,40.0,0.000866
0.05365906766165555,40.0,0.001
0.057998293152964335,40.0,0.001155
0.03532560089049709,40.0,0.001334
0.043160959712924045,40.0,0.00154
0.060339180595007105,40.0,0.001778
0.04474880175510657,40.0,0.002054
0.03375852134265512,40.0,0.002371
0.04605108756657511,40.0,0.002738
0.06939673504741779,40.0,0.003162
0.0428581399796735,40.0,0.003652
0.062187516313264246,40.0,0.004217
0.05492634485041203,40.0,0.00487
0.040766701013686076,40.0,0.005623
0.08306817351624884,40.0,0.006494
0.05589301107560555,40.0,0.007499
0.039632067620439755,40.0,0.00866
0.05476097460767344,40.0,0.01
0.04731179383332001,40.0,0.011548
0.050672113991302364,40.0,0.013335
0.07186700349413366,40.0,0.015399
0.04934047161654045,40.0,0.017783
0.045329143252578225,40.0,0.020535
0.10783899758085178,40.0,0.023714
0.09416090595262444,40.0,0.027384
0.035592749342996534,40.0,0.031623
0.0995325249150511,40.0,0.036517
0.06665768196094068,40.0,0.04217
0.04333568027863089,40.0,0.048697
0.06550325583967534,40.0,0.056234
0.043934172932909334,40.0,0.064938
0.06354263495562061,40.0,0.074989
0.05838754091276274,40.0,0.086596
0.07232191308911941,40.0,0.1
0.04358023771514783,50.0,0.0001
0.04339373446472476,50.0,0.000115
0.044526535523673305,50.0,0.000133
0.04418678724486974,50.0,0.000154
0.04507686697413695,50.0,0.000178
0.04392603420055963,50.0,0.000205
0.042550229378437776,50.0,0.000237
0.04446485693363552,50.0,0.000274
0.040924969945247,50.0,0.000316
0.04504967223662522,50.0,0.000365
0.045760655394870044,50.0,0.000422
0.04249139019683899,50.0,0.000487
0.04165235260596616,50.0,0.000562
0.035217742274643866,50.0,0.000649
0.036332485860895214,50.0,0.00075
0.041872777308291635,50.0,0.000866
0.04226865786115534,50.0,0.001
0.03947236934322757,50.0,0.001155
0.04110244623207483,50.0,0.001334
0.04349995956882492,50.0,0.00154
0.03380285153692432,50.0,0.001778
0.03453202282722127,50.0,0.002054
0.048350640566002225,50.0,0.002371
0.0500180396369633,50.0,0.002738
0.03247210341321355,50.0,0.003162
0.03749386638221247,50.0,0.003652
0.039750019795621136,50.0,0.004217
0.0560197985150997,50.0,0.00487
0.06286585583911138,50.0,0.005623
0.05268781225865151,50.0,0.006494
0.03971481269329009,50.0,0.007499
0.05543184545651131,50.0,0.00866
0.05225003954362824,50.0,0.01
0.04523273872730337,50.0,0.011548
0.053929010391568305,50.0,0.013335
0.09587908337354192,50.0,0.015399
0.08784530625356211,50.0,0.017783
0.0679146857851599,50.0,0.020535
0.038121469021958704,50.0,0.023714
0.04904794798784673,50.0,0.027384
0.07069110494654496,50.0,0.031623
0.2626344498874768,50.0,0.036517
0.04057237138553984,50.0,0.04217
0.076291193008272,50.0,0.048697
0.2462028233165442,50.0,0.056234
0.06983396964182811,50.0,0.064938
0.1210281719464855,50.0,0.074989
0.06693338935110393,50.0,0.086596
0.032161166407396094,50.0,0.1
0.04375121911985349,60.0,0.0001
0.04320854416535329,60.0,0.000115
0.044409550852576904,60.0,0.000133
0.041653333356678576,60.0,0.000154
0.04446621451136644,60.0,0.000178
0.04271274475588085,60.0,0.000205
0.043103972983327535,60.0,0.000237
0.044854368351906614,60.0,0.000274
0.042646749673757076,60.0,0.000316
0.03445348114610823,60.0,0.000365
0.040555715549589325,60.0,0.000422
0.04183745771178298,60.0,0.000487
0.03977339257569301,60.0,0.000562
0.03597460760039015,60.0,0.000649
0.03410792649949447,60.0,0.00075
0.04097588111431534,60.0,0.000866
0.04080712470642608,60.0,0.001
0.04438897103703188,60.0,0.001155
0.031540518822105415,60.0,0.001334
0.036611114389164805,60.0,0.00154
0.04063916797674545,60.0,0.001778
0.051545887926164186,60.0,0.002054
0.044974603182166395,60.0,0.002371
0.04633401827087112,60.0,0.002738
0.0377798111864673,60.0,0.003162
0.049078507295196264,60.0,0.003652
0.08180679040895586,60.0,0.004217
0.04308347461550961,60.0,0.00487
0.06020132016198113,60.0,0.005623
0.03845328733782564,60.0,0.006494
0.05395341738165051,60.0,0.007499
0.05319283429126462,60.0,0.00866
0.0436774484700245,60.0,0.01
0.0585982773215827,60.0,0.011548
0.04187144519241294,60.0,0.013335
0.10904768229576547,60.0,0.015399
0.053822705306395255,60.0,0.017783
0.06476397560026792,60.0,0.020535
0.041857578059612655,60.0,0.023714
0.0769686790676955,60.0,0.027384
0.09303735135008612,60.0,0.031623
0.19106097816318293,60.0,0.036517
0.06966544071852168,60.0,0.04217
0.04794119787067776,60.0,0.048697
0.038136011958068525,60.0,0.056234
0.07318979328860115,60.0,0.064938
0.06735985940159768,60.0,0.074989
0.055156488579497065,60.0,0.086596
0.07222186728581063,60.0,0.1
0.04457988900028747,70.0,0.0001
0.04509649627112758,70.0,0.000115
0.04432759097261596,70.0,0.000133
0.03963782401724662,70.0,0.000154
0.04476589597309842,70.0,0.000178
0.041492564009511144,70.0,0.000205
0.04055572933376978,70.0,0.000237
0.04041005036984537,70.0,0.000274
0.04299060702112669,70.0,0.000316
0.03517962361029237,70.0,0.000365
0.04090392693843746,70.0,0.000422
0.040719250429361094,70.0,0.000487
0.035797002506209194,70.0,0.000562
0.04238352314344866,70.0,0.000649
0.03709982429277262,70.0,0.00075
0.03698209577545898,70.0,0.000866
0.035234692378794306,70.0,0.001
0.034457602076130425,70.0,0.001155
0.038949126987535186,70.0,0.001334
0.06352110984698167,70.0,0.00154
0.039653242514014614,70.0,0.001778
0.04017396491886674,70.0,0.002054
0.037161882353207124,70.0,0.002371
0.057276844539233235,70.0,0.002738
0.053960206965968115,70.0,0.003162
0.06643203122043173,70.0,0.003652
0.03250501464387284,70.0,0.004217
0.030242929446209297,70.0,0.00487
0.07193064031419806,70.0,0.005623
0.0677717530312812,70.0,0.006494
0.09399037343288283,70.0,0.007499
0.0471604743581646,70.0,0.00866
0.04285084407463685,70.0,0.01
0.08354386456144137,70.0,0.011548
0.07062189705330357,70.0,0.013335
0.0688528893765003,70.0,0.015399
0.049851868080782444,70.0,0.017783
0.07227200537179793,70.0,0.020535
0.0672694692811684,70.0,0.023714
0.07679610799085106,70.0,0.027384
0.047642014165716014,70.0,0.031623
0.06550352528095221,70.0,0.036517
0.04062729660381551,70.0,0.04217
0.08031152326717739,70.0,0.048697
0.061228011065450685,70.0,0.056234
0.10491509713142554,70.0,0.064938
0.047384151736896064,70.0,0.074989
0.057761122231800396,70.0,0.086596
0.04803690049591346,70.0,0.1
0.043939439634649025,80.0,0.0001
0.04443325743950107,80.0,0.000115
0.04188247161614565,80.0,0.000133
0.04182879202008592,80.0,0.000154
0.04392479159534857,80.0,0.000178
0.044412229581568916,80.0,0.000205
0.04248543680382669,80.0,0.000237
0.04149947745414638,80.0,0.000274
0.03800104356933265,80.0,0.000316
0.04343529118066606,80.0,0.000365
0.03655009702283848,80.0,0.000422
0.04191122359064332,80.0,0.000487
0.048586130916260635,80.0,0.000562
0.049915829614174276,80.0,0.000649
0.04902917235143968,80.0,0.00075
0.055588537958411434,80.0,0.000866
0.028599348705173534,80.0,0.001
0.07016432319953049,80.0,0.001155
0.04939314354151724,80.0,0.001334
0.03601090252081522,80.0,0.00154
0.056173358865355266,80.0,0.001778
0.034812348638875605,80.0,0.002054
0.05878364102294505,80.0,0.002371
0.09375247360127373,80.0,0.002738
0.057454570258715906,80.0,0.003162
0.03825431392295853,80.0,0.003652
0.06216727159071256,80.0,0.004217
0.07416564562060647,80.0,0.00487
0.045405455133232735,80.0,0.005623
0.04802444238051745,80.0,0.006494
0.04939404145204685,80.0,0.007499
0.0488722077427994,80.0,0.00866
0.04381612797122062,80.0,0.01
0.0915240251399515,80.0,0.011548
0.05271585673636546,80.0,0.013335
0.05594140357422225,80.0,0.015399
0.02861054144133717,80.0,0.017783
0.06303177474372537,80.0,0.020535
0.1641497612278016,80.0,0.023714
0.04952591157937222,80.0,0.027384
0.05913840848303273,80.0,0.031623
0.03986241501766388,80.0,0.036517
0.14269873935389107,80.0,0.04217
0.12314676827324646,80.0,0.048697
0.08807679135076901,80.0,0.056234
0.055892357163116364,80.0,0.064938
0.06534510991594272,80.0,0.074989
0.06933938616297888,80.0,0.086596
0.11930879308143016,80.0,0.1
0.04361683601854221,90.0,0.0001
0.043453014946295825,90.0,0.000115
0.04354683634648286,90.0,0.000133
0.042539678786101084,90.0,0.000154
0.04385719083891012,90.0,0.000178
0.04230381480488026,90.0,0.000205
0.04392524535442664,90.0,0.000237
0.04599607188918785,90.0,0.000274
0.04486683031906401,90.0,0.000316
0.042613871033196214,90.0,0.000365
0.04083430373486664,90.0,0.000422
0.04470365840124403,90.0,0.000487
0.06311574377356574,90.0,0.000562
0.03441781529907338,90.0,0.000649
0.046683397220222356,90.0,0.00075
0.03655101590613784,90.0,0.000866
0.05369756652345793,90.0,0.001
0.04369625192942574,90.0,0.001155
0.07455260863409259,90.0,0.001334
0.061322576154518055,90.0,0.00154
0.050746944366599024,90.0,0.001778
0.06353845403516306,90.0,0.002054
0.04465456400422662,90.0,0.002371
0.05268887266462912,90.0,0.002738
0.0918296270628298,90.0,0.003162
0.05383110001951798,90.0,0.003652
0.08463486965281762,90.0,0.004217
0.06639496746259334,90.0,0.00487
0.041178392487470836,90.0,0.005623
0.04563773305276891,90.0,0.006494
0.09003851239700013,90.0,0.007499
0.08590002738442241,90.0,0.00866
0.05322773956887765,90.0,0.01
0.04650725993074527,90.0,0.011548
0.06794378258116293,90.0,0.013335
0.09644186697422352,90.0,0.015399
0.051826167838361255,90.0,0.017783
0.09375029440179537,90.0,0.020535
0.05555378547547726,90.0,0.023714
0.04964502963984389,90.0,0.027384
0.05460174382915938,90.0,0.031623
0.0622522038460429,90.0,0.036517
0.043989997450639653,90.0,0.04217
0.41454508291114356,90.0,0.048697
0.046942749017675256,90.0,0.056234
0.0702557756018613,90.0,0.064938
0.04776217145777015,90.0,0.074989
0.06854950785274481,90.0,0.086596
0.0377462901599338,90.0,0.1
0.045044328046331,100.0,0.0001
0.04253414880861597,100.0,0.000115
0.042235704870261646,100.0,0.000133
0.04319928785518683,100.0,0.000154
0.04141254683069201,100.0,0.000178
0.04196653691510765,100.0,0.000205
0.042417764715549776,100.0,0.000237
0.044070249918055686,100.0,0.000274
0.03899958422629452,100.0,0.000316
0.04393759812782847,100.0,0.000365
0.03600031133684857,100.0,0.000422
0.03324309958571471,100.0,0.000487
0.0328834031786808,100.0,0.000562
0.031754130691297774,100.0,0.000649
0.04273868247043105,100.0,0.00075
0.0553646678746919,100.0,0.000866
0.061641002348275964,100.0,0.001
0.052986020259264445,100.0,0.001155
0.03632854924586428,100.0,0.001334
0.06031372934340909,100.0,0.00154
0.044389145766029856,100.0,0.001778
0.03924360256248388,100.0,0.002054
0.03964263658577642,100.0,0.002371
0.05812105876806995,100.0,0.002738
0.07374470990360384,100.0,0.003162
0.04661805393694128,100.0,0.003652
0.06944935393483091,100.0,0.004217
0.04809888241517481,100.0,0.00487
0.06876280584913441,100.0,0.005623
0.0553836703477084,100.0,0.006494
0.09521199595894946,100.0,0.007499
0.06934021714268125,100.0,0.00866
0.08643846441827972,100.0,0.01
0.0815721847705031,100.0,0.011548
0.12106490065805836,100.0,0.013335
0.04717726866082064,100.0,0.015399
0.05026853332683863,100.0,0.017783
0.05365682237322554,100.0,0.020535
0.052010891963566286,100.0,0.023714
0.046573055994252606,100.0,0.027384
0.03705108691255884,100.0,0.031623
0.4928926940209789,100.0,0.036517
0.04500555003465532,100.0,0.04217
0.05655655089112164,100.0,0.048697
0.1290337641037479,100.0,0.056234
0.06438321970408661,100.0,0.064938
0.05098286667220418,100.0,0.074989
0.09110407862685407,100.0,0.086596
0.05406628630947925,100.0,0.1
0.04409225027491361,110.0,0.0001
0.0441665118323008,110.0,0.000115
0.04298683121534845,110.0,0.000133
0.04217963280597045,110.0,0.000154
0.039561500872742766,110.0,0.000178
0.03676064058637815,110.0,0.000205
0.04095931571587882,110.0,0.000237
0.04017998135611496,110.0,0.000274
0.04644172556034749,110.0,0.000316
0.03439448718870614,110.0,0.000365
0.040607071339007,110.0,0.000422
0.04137875744243877,110.0,0.000487
0.03723819603085292,110.0,0.000562
0.048280859139564106,110.0,0.000649
0.056391520818187546,110.0,0.00075
0.04975730949397206,110.0,0.000866
0.05398624893959491,110.0,0.001
0.04600483124659743,110.0,0.001155
0.0444848551298904,110.0,0.001334
0.03881370228334214,110.0,0.00154
0.04790745528219094,110.0,0.001778
0.08612666692884376,110.0,0.002054
0.05433684739759715,110.0,0.002371
0.05554739492299602,110.0,0.002738
0.046637667984601304,110.0,0.003162
0.07552349522144294,110.0,0.003652
0.06503277274826223,110.0,0.004217
0.05554606542629115,110.0,0.00487
0.04960255285909614,110.0,0.005623
0.06597629001514847,110.0,0.006494
0.06609020906440054,110.0,0.007499
0.08995876977616468,110.0,0.00866
0.06968589159552957,110.0,0.01
0.11232026108162392,110.0,0.011548
0.06685661335886729,110.0,0.013335
0.0380448709240835,110.0,0.015399
0.049090265331531616,110.0,0.017783
0.08765496102363066,110.0,0.020535
0.09031705505805372,110.0,0.023714
0.04071064622577801,110.0,0.027384
0.04768313556386909,110.0,0.031623
0.05438399314079265,110.0,0.036517
0.05410027023650065,110.0,0.04217
0.045789098573752136,110.0,0.048697
0.05737852521841498,110.0,0.056234
0.039799967066242475,110.0,0.064938
0.11369243940740778,110.0,0.074989
0.0599339997068004,110.0,0.086596
0.07303907065925017,110.0,0.1
0.04326713261209615,120.0,0.0001
0.042246035258600476,120.0,0.000115
0.04179682884553508,120.0,0.000133
0.04267136854786052,120.0,0.000154
0.043852526979470945,120.0,0.000178
0.03533468413112253,120.0,0.000205
0.03789552662127564,120.0,0.000237
0.04075960643773886,120.0,0.000274
0.05476131149526995,120.0,0.000316
0.04227372306733493,120.0,0.000365
0.03601732904316765,120.0,0.000422
0.03895797568606228,120.0,0.000487
0.04204813538891804,120.0,0.000562
0.04794619784141871,120.0,0.000649
0.037123297160270664,120.0,0.00075
0.04770726300421928,120.0,0.000866
0.043256831586293294,120.0,0.001
0.0457007930888627,120.0,0.001155
0.05101651537219425,120.0,0.001334
0.04176866391619342,120.0,0.00154
0.053440033223811974,120.0,0.001778
0.04110138795216734,120.0,0.002054
0.0699893747904326,120.0,0.002371
0.05765967937494093,120.0,0.002738
0.049326676518325514,120.0,0.003162
0.051224189315985706,120.0,0.003652
0.05958846807082788,120.0,0.004217
0.050345381630253115,120.0,0.00487
0.05299482613010849,120.0,0.005623
0.03770029079022323,120.0,0.006494
0.043598697646619944,120.0,0.007499
0.0655259674265378,120.0,0.00866
0.08017433025000355,120.0,0.01
0.07602081977122166,120.0,0.011548
0.06598597435203565,120.0,0.013335
0.0587157877137103,120.0,0.015399
0.12118897272133392,120.0,0.017783
0.035322610158402476,120.0,0.020535
0.18250133339145913,120.0,0.023714
0.06981790613194296,120.0,0.027384
0.06712797938311965,120.0,0.031623
0.10140124520876699,120.0,0.036517
0.1087919092289808,120.0,0.04217
0.06093844844358297,120.0,0.048697
0.06269848731885654,120.0,0.056234
0.08115743119663757,120.0,0.064938
0.054862110797234145,120.0,0.074989
0.054947092119069146,120.0,0.086596
0.05219020833448277,120.0,0.1
0.03963242349616496,130.0,0.0001
0.04458491129637342,130.0,0.000115
0.042604369333412766,130.0,0.000133
0.04328459428666832,130.0,0.000154
0.04132627015364139,130.0,0.000178
0.03892357530592998,130.0,0.000205
0.04196633898027637,130.0,0.000237
0.044592826033917905,130.0,0.000274
0.04145847854737757,130.0,0.000316
0.04705560076231148,130.0,0.000365
0.05135628618076792,130.0,0.000422
0.035435711647374475,130.0,0.000487
0.0447264886643396,130.0,0.000562
0.057194028394930346,130.0,0.000649
0.051436690476090036,130.0,0.00075
0.03788356062835636,130.0,0.000866
0.05666826621104616,130.0,0.001
0.058939639357307734,130.0,0.001155
0.034048633575381515,130.0,0.001334
0.05953493553356282,130.0,0.00154
0.050843355814281586,130.0,0.001778
0.07805310608043373,130.0,0.002054
0.03919225547251439,130.0,0.002371
0.055697439665099525,130.0,0.002738
0.07771775813403663,130.0,0.003162
0.028446615428346204,130.0,0.003652
0.04827235347954229,130.0,0.004217
0.10615575760584761,130.0,0.00487
0.07437198408071206,130.0,0.005623
0.15113492635300588,130.0,0.006494
0.0519203429689203,130.0,0.007499
0.0783693680569564,130.0,0.00866
0.29230987878366155,130.0,0.01
0.0474258869969741,130.0,0.011548
0.05134282666536223,130.0,0.013335
0.0741210806391885,130.0,0.015399
0.2881420018037466,130.0,0.017783
0.08937942055852266,130.0,0.020535
0.056413730983646514,130.0,0.023714
0.11294455979668228,130.0,0.027384
0.09333927963045,130.0,0.031623
0.05163886492445426,130.0,0.036517
0.06572306210627493,130.0,0.04217
0.061497135278028504,130.0,0.048697
0.04203610525053289,130.0,0.056234
0.06114485538245898,130.0,0.064938
0.07368728410438416,130.0,0.074989
0.07416553563139427,130.0,0.086596
0.04378859910590373,130.0,0.1
0.044304980089590315,140.0,0.0001
0.043511533020637476,140.0,0.000115
0.042913576432506734,140.0,0.000133
0.038140925099199606,140.0,0.000154
0.03011495491954997,140.0,0.000178
0.03376961978824458,140.0,0.000205
0.048189622650234,140.0,0.000237
0.04028089290766334,140.0,0.000274
0.04105538597994904,140.0,0.000316
0.03949776027343178,140.0,0.000365
0.04353268205079932,140.0,0.000422
0.0473273167995005,140.0,0.000487
0.04638400368227525,140.0,0.000562
0.04094204360858243,140.0,0.000649
0.06173886389818302,140.0,0.00075
0.05018288311119837,140.0,0.000866
0.053706602301169006,140.0,0.001
0.07805760347899454,140.0,0.001155
0.03286250488494892,140.0,0.001334
0.051548226716195494,140.0,0.00154
0.10845189062036227,140.0,0.001778
0.07138505306773503,140.0,0.002054
0.04438047599317969,140.0,0.002371
0.10571273754989984,140.0,0.002738
0.03797443408541573,140.0,0.003162
0.06808422587908214,140.0,0.003652
0.04444617024518681,140.0,0.004217
0.06996834592420172,140.0,0.00487
0.05646710012417148,140.0,0.005623
0.047354463954437626,140.0,0.006494
0.08337025086718775,140.0,0.007499
0.0876927912968471,140.0,0.00866
0.12329143877890167,140.0,0.01
0.05880266466749437,140.0,0.011548
0.07306081694238767,140.0,0.013335
0.09876726614643083,140.0,0.015399
0.06970709860623957,140.0,0.017783
0.12000019430683023,140.0,0.020535
0.13746621295861838,140.0,0.023714
0.16587665403051563,140.0,0.027384
0.1023957976740614,140.0,0.031623
0.04499254169493355,140.0,0.036517
0.039431829136819696,140.0,0.04217
0.0422857624216401,140.0,0.048697
0.06552410961105914,140.0,0.056234
0.06255425713199815,140.0,0.064938
0.05185684866318831,140.0,0.074989
0.04818709117158474,140.0,0.086596
0.06242114593459938,140.0,0.1
0.04326916181342094,150.0,0.0001
0.0434649563318035,150.0,0.000115
0.04252133786567028,150.0,0.000133
0.04314631086314026,150.0,0.000154
0.04206591122252605,150.0,0.000178
0.034039252009121015,150.0,0.000205
0.03962019578950655,150.0,0.000237
0.04329049605884468,150.0,0.000274
0.04332634314714112,150.0,0.000316
0.040193043478407346,150.0,0.000365
0.04116671725438551,150.0,0.000422
0.02970293400072593,150.0,0.000487
0.037796777617887994,150.0,0.000562
0.028136785798932883,150.0,0.000649
0.034904943169718795,150.0,0.00075
0.04168834639208579,150.0,0.000866
0.04633915939509846,150.0,0.001
0.048950391238769785,150.0,0.001155
0.04889327615415927,150.0,0.001334
0.039633180418191416,150.0,0.00154
0.04016831113142483,150.0,0.001778
0.08414400689189758,150.0,0.002054
0.08290621985700941,150.0,0.002371
0.05856354135347038,150.0,0.002738
0.08106304553274529,150.0,0.003162
0.03536416834798737,150.0,0.003652
0.05559471554540617,150.0,0.004217
0.08273521751771186,150.0,0.00487
0.07712732379844706,150.0,0.005623
0.028123152252988667,150.0,0.006494
0.15857506776753302,150.0,0.007499
0.07437862677173024,150.0,0.00866
0.09300863375447839,150.0,0.01
0.050623406261181246,150.0,0.011548
0.06932643867169144,150.0,0.013335
0.056900793705578864,150.0,0.015399
0.04843253638521471,150.0,0.017783
0.07894490465215491,150.0,0.020535
0.10581397709534776,150.0,0.023714
0.05684453290829371,150.0,0.027384
0.03873530050963027,150.0,0.031623
0.05970888334079934,150.0,0.036517
0.06257455289531431,150.0,0.04217
0.05211533909901504,150.0,0.048697
0.05496151343799118,150.0,0.056234
0.06681316777672518,150.0,0.064938
0.05412343104368236,150.0,0.074989
0.055724518677118626,150.0,0.086596
0.03812456080509867,150.0,0.1
0.04411724277619671,160.0,0.0001
0.03987522336676543,160.0,0.000115
0.04252351451504265,160.0,0.000133
0.04305092731843698,160.0,0.000154
0.04236053155636318,160.0,0.000178
0.04526897574277946,160.0,0.000205
0.04532253305172267,160.0,0.000237
0.04375286658032598,160.0,0.000274
0.04609314349163725,160.0,0.000316
0.05638016327132086,160.0,0.000365
0.03682148891809649,160.0,0.000422
0.05796091765906753,160.0,0.000487
0.033273947754796585,160.0,0.000562
0.04357151378783764,160.0,0.000649
0.03763267438189753,160.0,0.00075
0.04673231397145575,160.0,0.000866
0.0633081894195408,160.0,0.001
0.05642338393046571,160.0,0.001155
0.06825457626959265,160.0,0.001334
0.08451188743552984,160.0,0.00154
0.06774271143388735,160.0,0.001778
0.04702825266797825,160.0,0.002054
0.04931186010795029,160.0,0.002371
0.06922747263825824,160.0,0.002738
0.048234824163838494,160.0,0.003162
0.040776848460671686,160.0,0.003652
0.09967086968324827,160.0,0.004217
0.048527523840062224,160.0,0.00487
0.12976069090413972,160.0,0.005623
0.06600781242441742,160.0,0.006494
0.0716353311068701,160.0,0.007499
0.11232151531599574,160.0,0.00866
0.09352718341619509,160.0,0.01
0.17849197905921826,160.0,0.011548
0.23872769583434525,160.0,0.013335
0.04000814854616964,160.0,0.015399
0.060152026437799516,160.0,0.017783
0.059265908450205365,160.0,0.020535
0.07373919531547915,160.0,0.023714
0.07029057062430828,160.0,0.027384
0.05920931752279607,160.0,0.031623
0.05344492952274871,160.0,0.036517
0.11808175127804296,160.0,0.04217
0.08770995389980121,160.0,0.048697
0.09921218414143679,160.0,0.056234
0.05887400308741963,160.0,0.064938
0.07554996172835697,160.0,0.074989
0.052868214116259984,160.0,0.086596
0.06330402469423804,160.0,0.1
0.04188518556803737,170.0,0.0001
0.044012640301432315,170.0,0.000115
0.037381412130279804,170.0,0.000133
0.03912991655596154,170.0,0.000154
0.04712238753357764,170.0,0.000178
0.04438338297065023,170.0,0.000205
0.03989605748238824,170.0,0.000237
0.04520595252651857,170.0,0.000274
0.039116823747354555,170.0,0.000316
0.03889844398821617,170.0,0.000365
0.04112602176169759,170.0,0.000422
0.029459954110798478,170.0,0.000487
0.05354254536573947,170.0,0.000562
0.06631159334238095,170.0,0.000649
0.059833269664742283,170.0,0.00075
0.06320056852243729,170.0,0.000866
0.04136505325302101,170.0,0.001
0.03905312879017918,170.0,0.001155
0.03832658812065213,170.0,0.001334
0.056574707725301515,170.0,0.00154
0.04155234182444728,170.0,0.001778
0.03689830668511038,170.0,0.002054
0.05712760463975381,170.0,0.002371
0.0842637912866512,170.0,0.002738
0.04852033307299863,170.0,0.003162
0.1063717100352377,170.0,0.003652
0.0794978817426123,170.0,0.004217
0.046523386770212186,170.0,0.00487
0.07082093334305471,170.0,0.005623
0.08060190235263084,170.0,0.006494
0.07204697582916053,170.0,0.007499
0.20733162546243705,170.0,0.00866
0.049914566854727435,170.0,0.01
0.036829503344686966,170.0,0.011548
0.25742368744541355,170.0,0.013335
0.10969624095980493,170.0,0.015399
0.04456239234260359,170.0,0.017783
0.09535810658236077,170.0,0.020535
0.05391741272500794,170.0,0.023714
0.04832903955751354,170.0,0.027384
0.060720907869034585,170.0,0.031623
0.049896852694326574,170.0,0.036517
0.048478718260817094,170.0,0.04217
0.058502362137759945,170.0,0.048697
0.04786040790103849,170.0,0.056234
0.06334293314554518,170.0,0.064938
0.05134032697610637,170.0,0.074989
0.06983476405755987,170.0,0.086596
0.037042807688235334,170.0,0.1
0.043827132775056094,180.0,0.0001
0.03855941271755777,180.0,0.000115
0.044790005171161724,180.0,0.000133
0.04083291098539675,180.0,0.000154
0.03957023809202247,180.0,0.000178
0.05208173682945595,180.0,0.000205
0.047946515714095424,180.0,0.000237
0.04843720226940623,180.0,0.000274
0.047071853526568286,180.0,0.000316
0.049349977954649626,180.0,0.000365
0.047175999684392254,180.0,0.000422
0.04298469698424641,180.0,0.000487
0.043016881676623014,180.0,0.000562
0.042831477717571155,180.0,0.000649
0.040028860205731466,180.0,0.00075
0.05615179912920619,180.0,0.000866
0.03636180167419752,180.0,0.001
0.09659965409122888,180.0,0.001155
0.04087928008415654,180.0,0.001334
0.0556967785953126,180.0,0.00154
0.06153705775228995,180.0,0.001778
0.04701630276488916,180.0,0.002054
0.04642730990122967,180.0,0.002371
0.058220291914219575,180.0,0.002738
0.04007252912955448,180.0,0.003162
0.04361199797539873,180.0,0.003652
0.044282905786435255,180.0,0.004217
0.07394317469484588,180.0,0.00487
0.03896298226627873,180.0,0.005623
0.09516186098854071,180.0,0.006494
0.09670235477070203,180.0,0.007499
0.044560957199612485,180.0,0.00866
0.17219102896374913,180.0,0.01
0.04218102794116269,180.0,0.011548
0.07401538732299386,180.0,0.013335
0.08116797234282902,180.0,0.015399
0.04534157717241936,180.0,0.017783
0.2613390282130047,180.0,0.020535
0.06792733976448061,180.0,0.023714
0.06568746279099583,180.0,0.027384
0.07753184343516559,180.0,0.031623
0.06406622878479036,180.0,0.036517
0.10271923017794947,180.0,0.04217
0.3942714286141334,180.0,0.048697
0.05187703472217144,180.0,0.056234
0.05015864430043872,180.0,0.064938
0.05049341990988009,180.0,0.074989
0.09584045995269155,180.0,0.086596
0.06710291070943689,180.0,0.1
0.03880225760401125,190.0,0.0001
0.04497428302522013,190.0,0.000115
0.03929217861953841,190.0,0.000133
0.03986907118675906,190.0,0.000154
0.043586575776915944,190.0,0.000178
0.03814997816415511,190.0,0.000205
0.051229942426121854,190.0,0.000237
0.03852517709702987,190.0,0.000274
0.03939068128444479,190.0,0.000316
0.04466724960659433,190.0,0.000365
0.02867245056771798,190.0,0.000422
0.05024808480068373,190.0,0.000487
0.04469025462290881,190.0,0.000562
0.041231211683225674,190.0,0.000649
0.04423394783973337,190.0,0.00075
0.06160602680069434,190.0,0.000866
0.09697710697534181,190.0,0.001
0.04529708862538849,190.0,0.001155
0.054057882001590396,190.0,0.001334
0.051208341055580926,190.0,0.00154
0.09082160484452519,190.0,0.001778
0.06426971859385074,190.0,0.002054
0.06898881281564281,190.0,0.002371
0.03717138026974734,190.0,0.002738
0.08008287356326689,190.0,0.003162
0.08218479242684912,190.0,0.003652
0.0451148260049685,190.0,0.004217
0.16468398547760388,190.0,0.00487
0.0726682672383422,190.0,0.005623
0.038493809689917245,190.0,0.006494
0.17509112763638093,190.0,0.007499
0.1296438983003791,190.0,0.00866
0.08798904072222544,190.0,0.01
0.21440253724568392,190.0,0.011548
0.07793215360638948,190.0,0.013335
0.19209875805733412,190.0,0.015399
0.11782213990183601,190.0,0.017783
0.06912019896137363,190.0,0.020535
0.061922856123723585,190.0,0.023714
0.04500361500701524,190.0,0.027384
0.06500653134083126,190.0,0.031623
0.057382030372741685,190.0,0.036517
0.11788607915019299,190.0,0.04217
0.0615191811406574,190.0,0.048697
0.07876937057396946,190.0,0.056234
0.05667129956802948,190.0,0.064938
0.08367744546570767,190.0,0.074989
0.04493439900523518,190.0,0.086596
0.04315858242490816,190.0,0.1
0.04434293663795606,200.0,0.0001
0.03814951013884693,200.0,0.000115
0.0366465535529447,200.0,0.000133
0.03824485158459564,200.0,0.000154
0.04354635650022051,200.0,0.000178
0.03648103690794591,200.0,0.000205
0.0604750034786617,200.0,0.000237
0.038886201682731825,200.0,0.000274
0.0319519816914009,200.0,0.000316
0.06251250044899899,200.0,0.000365
0.047737456200883925,200.0,0.000422
0.05226328414327037,200.0,0.000487
0.031079088606646002,200.0,0.000562
0.03992126241761308,200.0,0.000649
0.03205719886236886,200.0,0.00075
0.06788016480670502,200.0,0.000866
0.07163280226832394,200.0,0.001
0.03798778424360905,200.0,0.001155
0.03750839691158649,200.0,0.001334
0.0885048697706912,200.0,0.00154
0.08461043122467113,200.0,0.001778
0.08085692718304742,200.0,0.002054
0.12226365099982833,200.0,0.002371
0.04551364821127553,200.0,0.002738
0.0888219092636876,200.0,0.003162
0.07206222452158635,200.0,0.003652
0.03830200177526344,200.0,0.004217
0.06297919113010597,200.0,0.00487
0.10294108975275974,200.0,0.005623
0.05384285376757439,200.0,0.006494
0.04325139803080242,200.0,0.007499
0.045533118026331164,200.0,0.00866
0.05317738737437633,200.0,0.01
0.06671802882231222,200.0,0.011548
0.03659424471273329,200.0,0.013335
0.07744255149300353,200.0,0.015399
0.06277092762334262,200.0,0.017783
0.07595379547143477,200.0,0.020535
0.0659016290092741,200.0,0.023714
0.042383007230077624,200.0,0.027384
0.06675565860515074,200.0,0.031623
0.15988629977223773,200.0,0.036517
0.04964836135652024,200.0,0.04217
0.05652649195954623,200.0,0.048697
0.10282478864066591,200.0,0.056234
0.1119593427197209,200.0,0.064938
0.06867772051743987,200.0,0.074989
0.07404882513562211,200.0,0.086596
0.05887379514132922,200.0,0.1
0.041651844557218314,210.0,0.0001
0.03958198641438874,210.0,0.000115
0.035918724260356895,210.0,0.000133
0.045165514017076455,210.0,0.000154
0.04053072962591922,210.0,0.000178
0.043840801759545384,210.0,0.000205
0.04308503338787899,210.0,0.000237
0.05712966352070703,210.0,0.000274
0.05166572075849012,210.0,0.000316
0.06064588353571259,210.0,0.000365
0.06287356239623881,210.0,0.000422
0.03603404005605434,210.0,0.000487
0.04127258098970905,210.0,0.000562
0.03990669142496047,210.0,0.000649
0.029251339378775363,210.0,0.00075
0.04107842352951485,210.0,0.000866
0.047892187403179354,210.0,0.001
0.0510657584203265,210.0,0.001155
0.0781916678216146,210.0,0.001334
0.039657860314911336,210.0,0.00154
0.04674200667515294,210.0,0.001778
0.0561464074526217,210.0,0.002054
0.052986100100406726,210.0,0.002371
0.09945893616778731,210.0,0.002738
0.06625716884700043,210.0,0.003162
0.057884786190663576,210.0,0.003652
0.07151189485452517,210.0,0.004217
0.10064861594826002,210.0,0.00487
0.039838359202742785,210.0,0.005623
0.042942035832404954,210.0,0.006494
0.08365305477088106,210.0,0.007499
0.04130166682761187,210.0,0.00866
0.12949426640253126,210.0,0.01
0.052313488491975105,210.0,0.011548
0.09345110090247966,210.0,0.013335
0.1269128767570978,210.0,0.015399
0.2627239158490181,210.0,0.017783
0.09281561863284099,210.0,0.020535
0.17437265291862925,210.0,0.023714
0.07652421883462047,210.0,0.027384
0.04468445948376097,210.0,0.031623
0.04103501084205954,210.0,0.036517
0.05698485887274807,210.0,0.04217
0.10289470278467933,210.0,0.048697
0.04972996687878047,210.0,0.056234
0.11236660997712455,210.0,0.064938
0.04384873008659516,210.0,0.074989
0.0657808412288564,210.0,0.086596
0.07907077125584995,210.0,0.1
0.045012036519415495,220.0,0.0001
0.04382808024114232,220.0,0.000115
0.04528553871219903,220.0,0.000133
0.04633850876251767,220.0,0.000154
0.03973211293495734,220.0,0.000178
0.041931646598589986,220.0,0.000205
0.06639391075621186,220.0,0.000237
0.05303468078471425,220.0,0.000274
0.041666316428934605,220.0,0.000316
0.04829947816468244,220.0,0.000365
0.06040489811861532,220.0,0.000422
0.04359369843252522,220.0,0.000487
0.049509782594944804,220.0,0.000562
0.031403887593992916,220.0,0.000649
0.04087317554789651,220.0,0.00075
0.095349333525946,220.0,0.000866
0.05121062172208019,220.0,0.001
0.08224265917215802,220.0,0.001155
0.046990996325763514,220.0,0.001334
0.09563908049367663,220.0,0.00154
0.06868588327291032,220.0,0.001778
0.09103844588413848,220.0,0.002054
0.10798719610701621,220.0,0.002371
0.09892221675244653,220.0,0.002738
0.06625508673984265,220.0,0.003162
0.04305838742034614,220.0,0.003652
0.10053732475528518,220.0,0.004217
0.06908111326714102,220.0,0.00487
0.07989234602625528,220.0,0.005623
0.08926142183486556,220.0,0.006494
0.20151362938399267,220.0,0.007499
0.08162916174067,220.0,0.00866
0.12974617885947945,220.0,0.01
0.044741789675274674,220.0,0.011548
0.08127377774716735,220.0,0.013335
0.07372739623697452,220.0,0.015399
0.21850338548995563,220.0,0.017783
0.06272206545247778,220.0,0.020535
0.04553550646119127,220.0,0.023714
0.05381990590157544,220.0,0.027384
0.05242654248069761,220.0,0.031623
0.06961142296420345,220.0,0.036517
0.03858891984459023,220.0,0.04217
0.0658688029399981,220.0,0.048697
0.05623695062035523,220.0,0.056234
0.06427358289557969,220.0,0.064938
0.069395467304074,220.0,0.074989
0.08236835799093432,220.0,0.086596
0.05904784285338148,220.0,0.1
0.04069498103516014,230.0,0.0001
0.034745767300055706,230.0,0.000115
0.04949593304214917,230.0,0.000133
0.031779144776565946,230.0,0.000154
0.04478963599831594,230.0,0.000178
0.03748859986722712,230.0,0.000205
0.035263926537294286,230.0,0.000237
0.0591725000147311,230.0,0.000274
0.037979619507935845,230.0,0.000316
0.0629754183117602,230.0,0.000365
0.056796785586898046,230.0,0.000422
0.04616817828478125,230.0,0.000487
0.049217561876217515,230.0,0.000562
0.04891829151270712,230.0,0.000649
0.050801306578493695,230.0,0.00075
0.030255022658172582,230.0,0.000866
0.08649523515528168,230.0,0.001
0.04926269867509716,230.0,0.001155
0.04315517572988589,230.0,0.001334
0.07188528302350657,230.0,0.00154
0.04966426419662551,230.0,0.001778
0.07041592364633069,230.0,0.002054
0.05952022953835737,230.0,0.002371
0.05375292877239823,230.0,0.002738
0.06211671071295935,230.0,0.003162
0.22759640592792946,230.0,0.003652
0.11973245094814931,230.0,0.004217
0.05054239954441209,230.0,0.00487
0.04957453613839937,230.0,0.005623
0.06891389592687881,230.0,0.006494
0.1536225919519583,230.0,0.007499
0.16965226811731007,230.0,0.00866
0.04734886167306803,230.0,0.01
0.0702114451229677,230.0,0.011548
0.08440591625085514,230.0,0.013335
0.10521943071146017,230.0,0.015399
0.07557115105276029,230.0,0.017783
0.09595576022613264,230.0,0.020535
0.09079383269936817,230.0,0.023714
0.04898512477573057,230.0,0.027384
0.10705650116753246,230.0,0.031623
0.06536365417011401,230.0,0.036517
0.08631610152789329,230.0,0.04217
0.04421189921325028,230.0,0.048697
0.0386854460843792,230.0,0.056234
0.1455623961218509,230.0,0.064938
0.05337237338337955,230.0,0.074989
0.05120345800653102,230.0,0.086596
0.8100798843397532,230.0,0.1
0.043721685244595396,240.0,0.0001
0.04437230283821072,240.0,0.000115
0.042971711417373236,240.0,0.000133
0.04011170461092063,240.0,0.000154
0.03744618547163697,240.0,0.000178
0.03710323406380023,240.0,0.000205
0.041630379762950746,240.0,0.000237
0.03725436752115108,240.0,0.000274
0.03675068327735899,240.0,0.000316
0.042598672706377766,240.0,0.000365
0.04444702673878234,240.0,0.000422
0.037599274097693126,240.0,0.000487
0.054147340193696956,240.0,0.000562
0.062111047820527225,240.0,0.000649
0.03923357754829757,240.0,0.00075
0.061877573520838,240.0,0.000866
0.052081479659255074,240.0,0.001
0.07548925520239555,240.0,0.001155
0.06893668904456494,240.0,0.001334
0.04056028730623248,240.0,0.00154
0.07220416995279641,240.0,0.001778
0.09145648765478509,240.0,0.002054
0.06998815617069026,240.0,0.002371
0.07580280606548859,240.0,0.002738
0.07880384490826646,240.0,0.003162
0.052370082016232423,240.0,0.003652
0.0948540077863249,240.0,0.004217
0.11148132501269421,240.0,0.00487
0.05586686079197225,240.0,0.005623
0.07026925473652888,240.0,0.006494
0.368791855443637,240.0,0.007499
0.0633721144325721,240.0,0.00866
0.0794271479305105,240.0,0.01
0.10984154354848019,240.0,0.011548
0.04827967386298511,240.0,0.013335
0.3888627820835001,240.0,0.015399
0.21395653430025674,240.0,0.017783
0.05823562082626359,240.0,0.020535
0.0767951916768564,240.0,0.023714
0.04851428735505741,240.0,0.027384
0.053986308052440236,240.0,0.031623
0.21096807148442612,240.0,0.036517
0.07712258556933245,240.0,0.04217
0.07206641764058239,240.0,0.048697
0.08816498633703133,240.0,0.056234
0.054595413276236224,240.0,0.064938
0.0692831073347944,240.0,0.074989
0.04662345752485434,240.0,0.086596
0.05906375314859966,240.0,0.1
0.04285718861426208,250.0,0.0001
0.03942483712633879,250.0,0.000115
0.044245713170287894,250.0,0.000133
0.047053409060576944,250.0,0.000154
0.041306487473453724,250.0,0.000178
0.04822557524478119,250.0,0.000205
0.03568579960545321,250.0,0.000237
0.06370416305539564,250.0,0.000274
0.03954119649288116,250.0,0.000316
0.07090059329885338,250.0,0.000365
0.05391069978638798,250.0,0.000422
0.06059960814598747,250.0,0.000487
0.0674270658319521,250.0,0.000562
0.061164647650493745,250.0,0.000649
0.03633740219406704,250.0,0.00075
0.0438236773859527,250.0,0.000866
0.03978624094741749,250.0,0.001
0.0461894509498328,250.0,0.001155
0.04310743215443482,250.0,0.001334
0.044509215401900254,250.0,0.00154
0.09501131914264596,250.0,0.001778
0.08612201676330791,250.0,0.002054
0.09970976086935839,250.0,0.002371
0.07120061024016461,250.0,0.002738
0.06644494836649759,250.0,0.003162
0.028846878222466663,250.0,0.003652
0.06405041415379084,250.0,0.004217
0.15477587134115858,250.0,0.00487
0.07568333160213722,250.0,0.005623
0.03363897616497097,250.0,0.006494
0.03744758170433436,250.0,0.007499
0.1722422137120298,250.0,0.00866
0.052281425357319694,250.0,0.01
0.10389775731803587,250.0,0.011548
0.2363559366395143,250.0,0.013335
0.05191382564092314,250.0,0.015399
0.2758012912073981,250.0,0.017783
0.04627897364385529,250.0,0.020535
0.04874338234389497,250.0,0.023714
0.08076641014707386,250.0,0.027384
0.14351887978115016,250.0,0.031623
0.04278889622344887,250.0,0.036517
0.10523168797239058,250.0,0.04217
0.12415282592418098,250.0,0.048697
0.08037928327051863,250.0,0.056234
0.05790819426660599,250.0,0.064938
0.045799800196695536,250.0,0.074989
0.04375518330834186,250.0,0.086596
0.046754927951701476,250.0,0.1
0.04261557636244121,260.0,0.0001
0.03249454786789399,260.0,0.000115
0.0420801481553285,260.0,0.000133
0.04797765129745639,260.0,0.000154
0.04605528886857256,260.0,0.000178
0.061533606134381746,260.0,0.000205
0.05761474311430521,260.0,0.000237
0.035794287315635456,260.0,0.000274
0.030246350545388625,260.0,0.000316
0.05894942565486878,260.0,0.000365
0.05017492560125354,260.0,0.000422
0.043035956714520235,260.0,0.000487
0.05295674942393039,260.0,0.000562
0.03748999600632302,260.0,0.000649
0.07066951175211222,260.0,0.00075
0.07293472711222322,260.0,0.000866
0.08254511137414108,260.0,0.001
0.05871937358901279,260.0,0.001155
0.07526643964693575,260.0,0.001334
0.12117322290229117,260.0,0.00154
0.05690955927203323,260.0,0.001778
0.07649211283826744,260.0,0.002054
0.10732081768129649,260.0,0.002371
0.046588202617660786,260.0,0.002738
0.07578357658056882,260.0,0.003162
0.08357182928843841,260.0,0.003652
0.10924911283519602,260.0,0.004217
0.09868590315763023,260.0,0.00487
0.05442499360405749,260.0,0.005623
0.1919356469092614,260.0,0.006494
0.08238700026242932,260.0,0.007499
0.10759744882301861,260.0,0.00866
0.08478340283797431,260.0,0.01
0.1341630029432109,260.0,0.011548
0.0656210356206666,260.0,0.013335
0.06042621998472933,260.0,0.015399
0.09595382728954505,260.0,0.017783
0.06144641902808086,260.0,0.020535
0.08085542555646406,260.0,0.023714
0.10885190732275979,260.0,0.027384
0.06774605205685502,260.0,0.031623
0.09351061154834568,260.0,0.036517
0.05867875842068123,260.0,0.04217
0.04421961168779192,260.0,0.048697
0.05257015368453999,260.0,0.056234
0.0791735546816126,260.0,0.064938
0.05943839528633005,260.0,0.074989
0.07017413641441136,260.0,0.086596
0.04928068107590223,260.0,0.1
0.04448200064960739,270.0,0.0001
0.045226838930588154,270.0,0.000115
0.039037843663455286,270.0,0.000133
0.04812799548745571,270.0,0.000154
0.04704156744731451,270.0,0.000178
0.05341308479047878,270.0,0.000205
0.03701807060082462,270.0,0.000237
0.04400884321241805,270.0,0.000274
0.038089036618896,270.0,0.000316
0.056994722368172934,270.0,0.000365
0.06165410781624426,270.0,0.000422
0.05081378268075903,270.0,0.000487
0.030975194470838078,270.0,0.000562
0.1097578472317417,270.0,0.000649
0.05328986746553808,270.0,0.00075
0.06769715188842682,270.0,0.000866
0.03971703794908975,270.0,0.001
0.052312981874961764,270.0,0.001155
0.046845817458763664,270.0,0.001334
0.050136432463632356,270.0,0.00154
0.05288186882693084,270.0,0.001778
0.058046890982391394,270.0,0.002054
0.04995488953385137,270.0,0.002371
0.057385523651958426,270.0,0.002738
0.08940209671476823,270.0,0.003162
0.04319359327660705,270.0,0.003652
0.07636303979751946,270.0,0.004217
0.15869809757969072,270.0,0.00487
0.05410261970413022,270.0,0.005623
0.06693952610190264,270.0,0.006494
0.053435105409424345,270.0,0.007499
0.10757007731175366,270.0,0.00866
0.055958311579191254,270.0,0.01
0.14346808625262705,270.0,0.011548
0.07090617318169584,270.0,0.013335
0.10575434689724691,270.0,0.015399
0.050175295760501046,270.0,0.017783
0.11167367235997691,270.0,0.020535
0.09413843518003238,270.0,0.023714
0.0628781133436369,270.0,0.027384
0.03883246259675047,270.0,0.031623
0.12121967575353929,270.0,0.036517
0.14044979009586203,270.0,0.04217
0.05973539097651759,270.0,0.048697
0.05577637423942228,270.0,0.056234
0.04273365985751872,270.0,0.064938
0.06610722236141656,270.0,0.074989
0.10063232170949134,270.0,0.086596
0.05303508747121563,270.0,0.1
0.036575355632305226,280.0,0.0001
0.03610866666398414,280.0,0.000115
0.04655290304292777,280.0,0.000133
0.04813855549311043,280.0,0.000154
0.048957733051589236,280.0,0.000178
0.05664425442821912,280.0,0.000205
0.05826311628522572,280.0,0.000237
0.043383877644333865,280.0,0.000274
0.052478881687023006,280.0,0.000316
0.04933957478589413,280.0,0.000365
0.06151793813491825,280.0,0.000422
0.04679690275862367,280.0,0.000487
0.06923865655406222,280.0,0.000562
0.06472028209253762,280.0,0.000649
0.05209726579633729,280.0,0.00075
0.03976676259316305,280.0,0.000866
0.04309668916280796,280.0,0.001
0.037475527592769425,280.0,0.001155
0.07857240433830166,280.0,0.001334
0.036882438827709495,280.0,0.00154
0.07432707549202151,280.0,0.001778
0.05081662960360535,280.0,0.002054
0.0782678355553799,280.0,0.002371
0.06499791697376905,280.0,0.002738
0.05005271881055645,280.0,0.003162
0.10377835465836725,280.0,0.003652
0.07423179929948692,280.0,0.004217
0.05121895065313743,280.0,0.00487
0.16678968307248457,280.0,0.005623
0.07238156563684188,280.0,0.006494
0.1373804040325229,280.0,0.007499
0.07763151745502977,280.0,0.00866
0.2380122437533922,280.0,0.01
0.03326900532047386,280.0,0.011548
0.04728023816215844,280.0,0.013335
0.04365110575576918,280.0,0.015399
0.12771011191044024,280.0,0.017783
0.14381922595601634,280.0,0.020535
0.1361066998049195,280.0,0.023714
0.05400443833830998,280.0,0.027384
0.08748823420719924,280.0,0.031623
0.07959079450403145,280.0,0.036517
0.07593037701480546,280.0,0.04217
0.06367681387233698,280.0,0.048697
0.054104596565946864,280.0,0.056234
0.0648366740796969,280.0,0.064938
0.06346912839320634,280.0,0.074989
0.08043208384661907,280.0,0.086596
0.42568966396093916,280.0,0.1
0.042963605582016895,290.0,0.0001
0.044248838351873244,290.0,0.000115
0.04990212603184339,290.0,0.000133
0.041569899146060435,290.0,0.000154
0.03499915176221512,290.0,0.000178
0.057914344782561474,290.0,0.000205
0.086132517965488,290.0,0.000237
0.04945289907128372,290.0,0.000274
0.05262890659435676,290.0,0.000316
0.06684493898477724,290.0,0.000365
0.0474856206278874,290.0,0.000422
0.06617678647208264,290.0,0.000487
0.041892497278803224,290.0,0.000562
0.046326000438299,290.0,0.000649
0.0625788608113618,290.0,0.00075
0.03689762065736979,290.0,0.000866
0.07765578001683535,290.0,0.001
0.1068210383022816,290.0,0.001155
0.04589002645369053,290.0,0.001334
0.10095833236972195,290.0,0.00154
0.06662364072134563,290.0,0.001778
0.05277408711479963,290.0,0.002054
0.2655571180004155,290.0,0.002371
0.04399539251916044,290.0,0.002738
0.07794306618687774,290.0,0.003162
0.09643521036806853,290.0,0.003652
0.056092368034391944,290.0,0.004217
0.055316518478853716,290.0,0.00487
0.04855088039108445,290.0,0.005623
0.042171869641774495,290.0,0.006494
0.44126822710794544,290.0,0.007499
0.1005860263555492,290.0,0.00866
0.09639776313674792,290.0,0.01
0.07650158699707307,290.0,0.011548
0.05669862735057001,290.0,0.013335
0.10216701812135257,290.0,0.015399
0.10096613273001635,290.0,0.017783
0.1037864655487239,290.0,0.020535
0.08759587246514984,290.0,0.023714
0.06675389036715008,290.0,0.027384
0.05395021184669842,290.0,0.031623
0.1107328510639195,290.0,0.036517
0.059816722814860335,290.0,0.04217
0.06576204581042408,290.0,0.048697
0.0820028987538769,290.0,0.056234
0.054355656766156266,290.0,0.064938
0.07179991813959426,290.0,0.074989
0.130612617672787,290.0,0.086596
0.06621467481721743,290.0,0.1
0.04001211961184921,300.0,0.0001
0.03936889804597397,300.0,0.000115
0.035182825527679075,300.0,0.000133
0.037745541551695475,300.0,0.000154
0.043485740526291145,300.0,0.000178
0.054945064288965645,300.0,0.000205
0.04370161162539182,300.0,0.000237
0.03515343094949186,300.0,0.000274
0.037607464672526306,300.0,0.000316
0.0440862322661907,300.0,0.000365
0.041730622924745435,300.0,0.000422
0.051156690245941376,300.0,0.000487
0.055558335820498,300.0,0.000562
0.07931734342789852,300.0,0.000649
0.1162348956330315,300.0,0.00075
0.12872677031206914,300.0,0.000866
0.07160139259745234,300.0,0.001
0.07525548044182628,300.0,0.001155
0.09004445838331752,300.0,0.001334
0.06220450758140206,300.0,0.00154
0.054866781137388757,300.0,0.001778
0.05187632318062627,300.0,0.002054
0.11768474968287214,300.0,0.002371
0.07155913011583692,300.0,0.002738
0.04339909364921652,300.0,0.003162
0.05927935065602406,300.0,0.003652
0.10728377042871276,300.0,0.004217
0.049799379623424206,300.0,0.00487
0.055305742785363265,300.0,0.005623
0.0575030411039338,300.0,0.006494
0.09837591470905435,300.0,0.007499
0.1422583837243851,300.0,0.00866
0.14250288464048758,300.0,0.01
0.09872130418738605,300.0,0.011548
0.05285279877857939,300.0,0.013335
0.0787391539177987,300.0,0.015399
0.11928315850952062,300.0,0.017783
0.1929025141586877,300.0,0.020535
0.09273067263738453,300.0,0.023714
0.07992099440109784,300.0,0.027384
0.06628589118236783,300.0,0.031623
0.07151266018784189,300.0,0.036517
0.0957455391382085,300.0,0.04217
0.04787208584806264,300.0,0.048697
0.061384726590614544,300.0,0.056234
0.09130095023601545,300.0,0.064938
0.062475965627670695,300.0,0.074989
0.059891972444980277,300.0,0.086596
0.044161897822628665,300.0,0.1
0.03878584820626522,310.0,0.0001
0.03707655494330099,310.0,0.000115
0.040155125579895874,310.0,0.000133
0.03421970555829995,310.0,0.000154
0.036663535940105296,310.0,0.000178
0.04159579913562038,310.0,0.000205
0.03916288989738128,310.0,0.000237
0.03634706801018237,310.0,0.000274
0.04421208894575935,310.0,0.000316
0.04646800505277461,310.0,0.000365
0.040082436798647356,310.0,0.000422
0.056787576568504694,310.0,0.000487
0.06922269531186592,310.0,0.000562
0.031346848383930925,310.0,0.000649
0.03209671179504473,310.0,0.00075
0.055804064751938186,310.0,0.000866
0.04875532455093609,310.0,0.001
0.07953185271336025,310.0,0.001155
0.06152853176428283,310.0,0.001334
0.08263179361925235,310.0,0.00154
0.06766586354487661,310.0,0.001778
0.09344517242737217,310.0,0.002054
0.06814258379266894,310.0,0.002371
0.07178661366204056,310.0,0.002738
0.0711665247929451,310.0,0.003162
0.06441626097102383,310.0,0.003652
0.08401667878377905,310.0,0.004217
0.05554453158146654,310.0,0.00487
0.12696733020053522,310.0,0.005623
0.36944923936434015,310.0,0.006494
0.05590083722795169,310.0,0.007499
0.09619401781269814,310.0,0.00866
0.04437549987289224,310.0,0.01
0.0756935370301406,310.0,0.011548
0.0866001497879193,310.0,0.013335
0.12652379516269177,310.0,0.015399
0.0990183002208319,310.0,0.017783
0.05415916811762898,310.0,0.020535
0.1579619498662984,310.0,0.023714
0.12167473706657908,310.0,0.027384
0.05893883515198635,310.0,0.031623
0.06717297127868467,310.0,0.036517
0.09626236598604665,310.0,0.04217
0.052319013479968694,310.0,0.048697
0.6996667351391938,310.0,0.056234
0.04366002195481593,310.0,0.064938
0.08704387448508517,310.0,0.074989
0.04946767574864546,310.0,0.086596
0.06532653834076368,310.0,0.1
0.042281696579408355,320.0,0.0001
0.04434685232390054,320.0,0.000115
0.03807379190240665,320.0,0.000133
0.04637542526271039,320.0,0.000154
0.05390395374800329,320.0,0.000178
0.05738693056147629,320.0,0.000205
0.05940928554040747,320.0,0.000237
0.03915401906243983,320.0,0.000274
0.042622325358002776,320.0,0.000316
0.055329845251369185,320.0,0.000365
0.054460966989345556,320.0,0.000422
0.06159576014386353,320.0,0.000487
0.04386595285393359,320.0,0.000562
0.044495096817395274,320.0,0.000649
0.06707675972768144,320.0,0.00075
0.09988893007187784,320.0,0.000866
0.056499966867540025,320.0,0.001
0.04830285285127589,320.0,0.001155
0.08095655348880726,320.0,0.001334
0.0890728498682101,320.0,0.00154
0.05331943662134935,320.0,0.001778
0.08153030130498251,320.0,0.002054
0.07345472499424725,320.0,0.002371
0.08968301024115043,320.0,0.002738
0.06672838918880726,320.0,0.003162
0.06703561219688868,320.0,0.003652
0.0604541024785694,320.0,0.004217
0.0643667943315938,320.0,0.00487
0.15903532544356436,320.0,0.005623
0.042931862640297316,320.0,0.006494
0.07420116976031574,320.0,0.007499
0.1255166449225034,320.0,0.00866
0.25554793692919187,320.0,0.01
0.15626721135679417,320.0,0.011548
0.08821503019669721,320.0,0.013335
2.6148846815503055,320.0,0.015399
0.07290919818673097,320.0,0.017783
0.07914504196353694,320.0,0.020535
0.06238542070008382,320.0,0.023714
0.05289416354598491,320.0,0.027384
0.07613473367285754,320.0,0.031623
0.048252988298790156,320.0,0.036517
0.044688535208371495,320.0,0.04217
0.21369361865302064,320.0,0.048697
0.06827753799817371,320.0,0.056234
0.11581027462125298,320.0,0.064938
0.06879858493737379,320.0,0.074989
0.056549295394353424,320.0,0.086596
0.05450036345146077,320.0,0.1
0.03793963235034825,330.0,0.0001
0.04354406278539795,330.0,0.000115
0.03708626189893774,330.0,0.000133
0.05173533523473303,330.0,0.000154
0.045201108723078864,330.0,0.000178
0.047288916976588685,330.0,0.000205
0.042540054268385245,330.0,0.000237
0.03907284241100823,330.0,0.000274
0.06080549902960407,330.0,0.000316
0.05936778196123182,330.0,0.000365
0.06274067883932496,330.0,0.000422
0.036620553728967054,330.0,0.000487
0.03783715720988972,330.0,0.000562
0.044693888840493474,330.0,0.000649
0.05748752624022512,330.0,0.00075
0.0624761052593343,330.0,0.000866
0.039344637771306694,330.0,0.001
0.11190506604496891,330.0,0.001155
0.06061843343140436,330.0,0.001334
0.11035209370301827,330.0,0.00154
0.1021559451748404,330.0,0.001778
0.06486335355538492,330.0,0.002054
0.07292666487132457,330.0,0.002371
0.06311266679865117,330.0,0.002738
0.04431722591763408,330.0,0.003162
0.05236878323347438,330.0,0.003652
0.06346711171105272,330.0,0.004217
0.13530614485395037,330.0,0.00487
0.044343953826779116,330.0,0.005623
0.17571928331821374,330.0,0.006494
0.10986495929233227,330.0,0.007499
0.07610723257276544,330.0,0.00866
0.08259490893989033,330.0,0.01
0.0658581304164519,330.0,0.011548
0.10053012552844812,330.0,0.013335
0.04874044288371252,330.0,0.015399
0.10712715768037945,330.0,0.017783
0.14355469081893663,330.0,0.020535
0.07707288414036753,330.0,0.023714
0.09903254565680691,330.0,0.027384
0.09220449334462476,330.0,0.031623
0.0661987256935004,330.0,0.036517
0.05761311876774201,330.0,0.04217
0.1271165705503562,330.0,0.048697
0.05030982408669232,330.0,0.056234
0.08508788337001713,330.0,0.064938
0.08808104459444983,330.0,0.074989
0.054782645020402344,330.0,0.086596
0.07003961366903652,330.0,0.1
0.039208376399451586,340.0,0.0001
0.04316107829542458,340.0,0.000115
0.04613775552248486,340.0,0.000133
0.05850902067263471,340.0,0.000154
0.03892909617805454,340.0,0.000178
0.051767968056913305,340.0,0.000205
0.040968467611125034,340.0,0.000237
0.055852933650331615,340.0,0.000274
0.0419302958483384,340.0,0.000316
0.09202833694248223,340.0,0.000365
0.045357388433659634,340.0,0.000422
0.03708413199270922,340.0,0.000487
0.054070860644857124,340.0,0.000562
0.04620420003821537,340.0,0.000649
0.08362221818618983,340.0,0.00075
0.11771918575891772,340.0,0.000866
0.04362088273472281,340.0,0.001
0.046008509280509834,340.0,0.001155
0.048016086422097315,340.0,0.001334
0.03029108220636735,340.0,0.00154
0.04941305671282075,340.0,0.001778
0.11161916648745568,340.0,0.002054
0.049865944874020976,340.0,0.002371
0.06803628469431156,340.0,0.002738
0.058169867395646654,340.0,0.003162
0.05557023313967988,340.0,0.003652
0.1012117500341511,340.0,0.004217
0.044590113950208905,340.0,0.00487
0.14797646353071486,340.0,0.005623
0.07362188429877059,340.0,0.006494
0.10741227377691698,340.0,0.007499
0.1239546153371293,340.0,0.00866
0.06950785974706086,340.0,0.01
0.09693491641452093,340.0,0.011548
0.07547735362694354,340.0,0.013335
0.1435316554455863,340.0,0.015399
0.0705209033151197,340.0,0.017783
0.046896739810789755,340.0,0.020535
0.08408043654669932,340.0,0.023714
0.09262842546539142,340.0,0.027384
0.043408996729941446,340.0,0.031623
0.11995418679957794,340.0,0.036517
0.13271100545616568,340.0,0.04217
0.06878350128855948,340.0,0.048697
0.05802005811431302,340.0,0.056234
0.07125175855898483,340.0,0.064938
0.05982643976884966,340.0,0.074989
0.06987242472023411,340.0,0.086596
0.07848314390612221,340.0,0.1
0.040143519662952154,350.0,0.0001
0.04595817975849831,350.0,0.000115
0.04154931656723922,350.0,0.000133
0.04513520167648496,350.0,0.000154
0.045277171909794446,350.0,0.000178
0.05871680874540965,350.0,0.000205
0.055003472510936874,350.0,0.000237
0.04761330369903867,350.0,0.000274
0.040775138819066754,350.0,0.000316
0.032182505427576974,350.0,0.000365
0.038560074341442784,350.0,0.000422
0.043916670324002635,350.0,0.000487
0.06500179176153355,350.0,0.000562
0.035163985103516204,350.0,0.000649
0.08621067890803881,350.0,0.00075
0.1081236151338807,350.0,0.000866
0.0656530837849074,350.0,0.001
0.15056597403850686,350.0,0.001155
0.05953851719763367,350.0,0.001334
0.16239213053482818,350.0,0.00154
0.045543891949258015,350.0,0.001778
0.03325576669892594,350.0,0.002054
0.04268879546360299,350.0,0.002371
0.082738983927084,350.0,0.002738
0.060266202281790394,350.0,0.003162
0.039584725713976865,350.0,0.003652
0.048093141002961984,350.0,0.004217
0.1350811927690676,350.0,0.00487
0.4827399429490211,350.0,0.005623
0.10500725489869092,350.0,0.006494
0.07173149861507222,350.0,0.007499
0.06777785805613348,350.0,0.00866
0.228598500452227,350.0,0.01
0.08423263997049324,350.0,0.011548
0.09766610145805775,350.0,0.013335
0.09866345059554082,350.0,0.015399
0.06752310774698066,350.0,0.017783
0.21074051250779105,350.0,0.020535
0.044407628118398636,350.0,0.023714
0.061832478087931145,350.0,0.027384
0.042497002269963856,350.0,0.031623
0.0684846160032225,350.0,0.036517
0.05229967386918849,350.0,0.04217
0.06670889587541386,350.0,0.048697
0.09123164764038146,350.0,0.056234
0.07867052296096727,350.0,0.064938
0.06430910277124434,350.0,0.074989
0.04979339011841968,350.0,0.086596
0.04908331929612287,350.0,0.1
0.04132002362188375,360.0,0.0001
0.05082282608975467,360.0,0.000115
0.07475008224322298,360.0,0.000133
0.06120531922397981,360.0,0.000154
0.041925692209974816,360.0,0.000178
0.05066700421659436,360.0,0.000205
0.06164860041761192,360.0,0.000237
0.04681059090968919,360.0,0.000274
0.0435218594422939,360.0,0.000316
0.05047240151797236,360.0,0.000365
0.05655780238619636,360.0,0.000422
0.04479612235314729,360.0,0.000487
0.04885240673352189,360.0,0.000562
0.06920106744162315,360.0,0.000649
0.055163260407400536,360.0,0.00075
0.07903020191866736,360.0,0.000866
0.039767645942878085,360.0,0.001
0.07427020877953588,360.0,0.001155
0.08038607740692676,360.0,0.001334
0.07238224040666112,360.0,0.00154
0.0524375228672974,360.0,0.001778
0.05646666549968566,360.0,0.002054
0.07666590846121989,360.0,0.002371
0.06564011397515064,360.0,0.002738
0.061819909990586494,360.0,0.003162
0.05624569568826871,360.0,0.003652
0.08447908249646494,360.0,0.004217
0.05490461545058024,360.0,0.00487
0.06569433500902946,360.0,0.005623
0.0623494323187582,360.0,0.006494
0.05084433624270182,360.0,0.007499
0.22827046794955397,360.0,0.00866
0.18361198433819576,360.0,0.01
0.315091769355794,360.0,0.011548
0.07087124330937573,360.0,0.013335
0.08558242898152044,360.0,0.015399
0.0596382403387595,360.0,0.017783
0.08709699493742062,360.0,0.020535
0.0790421094937756,360.0,0.023714
0.07622212760092756,360.0,0.027384
0.13196255697776657,360.0,0.031623
0.19084626825896583,360.0,0.036517
0.1190243029380082,360.0,0.04217
0.11850168775918238,360.0,0.048697
0.0496678705362305,360.0,0.056234
0.05904778891775423,360.0,0.064938
0.06116863698510874,360.0,0.074989
0.04925111669820848,360.0,0.086596
0.04592608974434882,360.0,0.1
0.03440548551703931,370.0,0.0001
0.04569370759274416,370.0,0.000115
0.04743131862551384,370.0,0.000133
0.05035893147319384,370.0,0.000154
0.04410012836691522,370.0,0.000178
0.04109172356020502,370.0,0.000205
0.04268743788938136,370.0,0.000237
0.052305444290467386,370.0,0.000274
0.0645208545222246,370.0,0.000316
0.04630246203886349,370.0,0.000365
0.05704592989198731,370.0,0.000422
0.04322235635783691,370.0,0.000487
0.051535270253816004,370.0,0.000562
0.06170370035387558,370.0,0.000649
0.06880954956265876,370.0,0.00075
0.04153642832687232,370.0,0.000866
0.037974095032541545,370.0,0.001
0.06739624611272968,370.0,0.001155
0.06314459222975397,370.0,0.001334
0.09665874081662726,370.0,0.00154
0.08618497958819761,370.0,0.001778
0.11779162914951075,370.0,0.002054
0.055050803704707704,370.0,0.002371
0.0865626220783727,370.0,0.002738
0.0614388343039617,370.0,0.003162
0.22170539265885442,370.0,0.003652
0.06236041028024935,370.0,0.004217
0.06025685916630513,370.0,0.00487
0.3167512257551473,370.0,0.005623
0.09237670709436092,370.0,0.006494
0.03944981806023915,370.0,0.007499
0.05717006682567069,370.0,0.00866
0.04045573081837704,370.0,0.01
0.31847749892373933,370.0,0.011548
0.11449441457411252,370.0,0.013335
0.1167976464628078,370.0,0.015399
0.08422862441497378,370.0,0.017783
0.16001093601625824,370.0,0.020535
0.06051650362626242,370.0,0.023714
0.060300076720444955,370.0,0.027384
0.05277457751518662,370.0,0.031623
0.05632295974076826,370.0,0.036517
0.04362936257988917,370.0,0.04217
0.09300703685555801,370.0,0.048697
0.32570212136197746,370.0,0.056234
0.08921246033522673,370.0,0.064938
0.055004470109848665,370.0,0.074989
0.039769665246903875,370.0,0.086596
0.05478936436301728,370.0,0.1
0.03374299721380817,380.0,0.0001
0.03125870055236461,380.0,0.000115
0.03648346598897684,380.0,0.000133
0.03906596096693674,380.0,0.000154
0.031233872043071525,380.0,0.000178
0.049437198759589594,380.0,0.000205
0.04325716433319136,380.0,0.000237
0.039785733726879574,380.0,0.000274
0.041597851771279885,380.0,0.000316
0.05311782257373401,380.0,0.000365
0.055690607452219223,380.0,0.000422
0.06834624728303346,380.0,0.000487
0.04156279680938039,380.0,0.000562
0.04833685220574767,380.0,0.000649
0.05740657906718309,380.0,0.00075
0.09161333690107795,380.0,0.000866
0.04486612030369469,380.0,0.001
0.05517838810969744,380.0,0.001155
0.10070519111792184,380.0,0.001334
0.05169780348448415,380.0,0.00154
0.05799997829550579,380.0,0.001778
0.05380788167564261,380.0,0.002054
0.11509826291066705,380.0,0.002371
0.06321095895896275,380.0,0.002738
0.0634147007205358,380.0,0.003162
0.1464171666141337,380.0,0.003652
0.2803849611043534,380.0,0.004217
0.41697894296309074,380.0,0.00487
0.19142478802395155,380.0,0.005623
0.09314558435481624,380.0,0.006494
0.10196320908960457,380.0,0.007499
0.07309732940048606,380.0,0.00866
0.10307996340974476,380.0,0.01
0.16625213711987158,380.0,0.011548
0.29542111467009236,380.0,0.013335
0.09576882456999808,380.0,0.015399
0.23830755325765682,380.0,0.017783
0.06232892026625804,380.0,0.020535
0.10667753760567791,380.0,0.023714
0.11037394483703855,380.0,0.027384
0.07051656967307093,380.0,0.031623
0.08612237462208383,380.0,0.036517
0.04425444982491709,380.0,0.04217
0.03971087718974641,380.0,0.048697
0.05446768458023332,380.0,0.056234
0.06448185848612989,380.0,0.064938
0.03343894285109667,380.0,0.074989
0.04803787695184441,380.0,0.086596
0.03489504183714201,380.0,0.1
0.0463941851763422,390.0,0.0001
0.040585345155491934,390.0,0.000115
0.03485365900333953,390.0,0.000133
0.049794142136789066,390.0,0.000154
0.05455300764249466,390.0,0.000178
0.037052826816066885,390.0,0.000205
0.05433490265525309,390.0,0.000237
0.04014970967701835,390.0,0.000274
0.06211588146874354,390.0,0.000316
0.06401153871298537,390.0,0.000365
0.06496267132207237,390.0,0.000422
0.05247717847258644,390.0,0.000487
0.08608637456446257,390.0,0.000562
0.036760986648657436,390.0,0.000649
0.05386031418939413,390.0,0.00075
0.06729367292675577,390.0,0.000866
0.07838015497167032,390.0,0.001
0.07348286107508577,390.0,0.001155
0.08351929044157756,390.0,0.001334
0.1455913563097268,390.0,0.00154
0.06341993686731934,390.0,0.001778
0.0909489875776211,390.0,0.002054
0.11964003881279538,390.0,0.002371
0.10267348862906979,390.0,0.002738
0.12903051589467945,390.0,0.003162
0.06668575477965176,390.0,0.003652
0.1422500756035076,390.0,0.004217
0.05870263427654511,390.0,0.00487
0.0756149736702569,390.0,0.005623
0.28633728509214224,390.0,0.006494
0.05180366121339069,390.0,0.007499
0.3184785648257952,390.0,0.00866
0.06663812091613001,390.0,0.01
0.21802231387406804,390.0,0.011548
0.08433167842291535,390.0,0.013335
0.10031744666574126,390.0,0.015399
0.04569652280471008,390.0,0.017783
0.054004232813615966,390.0,0.020535
0.17085078039770127,390.0,0.023714
0.07030137953880745,390.0,0.027384
0.07122020263578877,390.0,0.031623
0.13811583773978697,390.0,0.036517
0.05468407736303485,390.0,0.04217
0.19429228169467108,390.0,0.048697
0.07583693845361214,390.0,0.056234
0.10496735604057868,390.0,0.064938
0.05907519247178051,390.0,0.074989
0.0670547555813727,390.0,0.086596
0.07347962350522383,390.0,0.1
0.03864249489138395,400.0,0.0001
0.042386100982104,400.0,0.000115
0.045196202451981506,400.0,0.000133
0.041882375429327705,400.0,0.000154
0.045134982104160934,400.0,0.000178
0.05220290606980037,400.0,0.000205
0.0419394931148604,400.0,0.000237
0.04944163490193648,400.0,0.000274
0.03174135962506369,400.0,0.000316
0.04652998223645362,400.0,0.000365
0.04500592875276457,400.0,0.000422
0.06763194385250118,400.0,0.000487
0.053787889675901555,400.0,0.000562
0.06290497457250042,400.0,0.000649
0.05481911714484509,400.0,0.00075
0.0525102286240627,400.0,0.000866
0.045676623684815336,400.0,0.001
0.10015936024138325,400.0,0.001155
0.0357335159811986,400.0,0.001334
0.09199629743605503,400.0,0.00154
0.05508872479877684,400.0,0.001778
0.06895869112788741,400.0,0.002054
0.049290243323326835,400.0,0.002371
0.09910508053976369,400.0,0.002738
0.06391166343756731,400.0,0.003162
0.11889397908646936,400.0,0.003652
0.10456307049239452,400.0,0.004217
0.08748610382730616,400.0,0.00487
0.050699334579260506,400.0,0.005623
0.05828307920452852,400.0,0.006494
0.041673814748115434,400.0,0.007499
0.04673679830599015,400.0,0.00866
0.07599822180387712,400.0,0.01
0.14591611633566656,400.0,0.011548
0.06160870453834118,400.0,0.013335
0.15351329487608348,400.0,0.015399
0.05731702954253406,400.0,0.017783
0.1856377268311555,400.0,0.020535
0.06124095688045314,400.0,0.023714
0.08035184771433732,400.0,0.027384
0.07754922932254626,400.0,0.031623
0.043972736472292454,400.0,0.036517
0.04790308296607158,400.0,0.04217
0.04604756340034503,400.0,0.048697
0.30671731346809683,400.0,0.056234
0.05273452403847563,400.0,0.064938
0.16029111781051725,400.0,0.074989
0.05475546496601635,400.0,0.086596
0.07644206143982257,400.0,0.1
0.04354937365138723,410.0,0.0001
0.051965443098235246,410.0,0.000115
0.054168577816128334,410.0,0.000133
0.04376343343636991,410.0,0.000154
0.0420992008178245,410.0,0.000178
0.03385231159369061,410.0,0.000205
0.054700445878780486,410.0,0.000237
0.04566387454189788,410.0,0.000274
0.048305681553595124,410.0,0.000316
0.09249871443287806,410.0,0.000365
0.09440007019891959,410.0,0.000422
0.039035435528818205,410.0,0.000487
0.07294143543335614,410.0,0.000562
0.05843547621178612,410.0,0.000649
0.09349909142496717,410.0,0.00075
0.06831703925033604,410.0,0.000866
0.07213272533860235,410.0,0.001
0.04910933453155805,410.0,0.001155
0.04846910317756454,410.0,0.001334
0.07439829014405844,410.0,0.00154
0.07827585628087382,410.0,0.001778
0.1058235974753712,410.0,0.002054
0.04244108661724961,410.0,0.002371
0.043717875059013755,410.0,0.002738
0.06277717620472059,410.0,0.003162
0.06342737228263393,410.0,0.003652
0.05125990976355735,410.0,0.004217
0.05080802660273665,410.0,0.00487
0.1061550299401673,410.0,0.005623
0.1674729163334271,410.0,0.006494
0.2263748832954285,410.0,0.007499
0.07205684814618347,410.0,0.00866
0.08944262340444088,410.0,0.01
0.24094533293940973,410.0,0.011548
0.06105455462463225,410.0,0.013335
0.07660290510089685,410.0,0.015399
0.07895164977133437,410.0,0.017783
0.07768744034961837,410.0,0.020535
0.1695799207207947,410.0,0.023714
0.08700043752077036,410.0,0.027384
0.07003411809137881,410.0,0.031623
0.06490049108223137,410.0,0.036517
0.06880875181255332,410.0,0.04217
0.053503554146915586,410.0,0.048697
0.0510707486073832,410.0,0.056234
0.10535214644476257,410.0,0.064938
0.05401446632193769,410.0,0.074989
0.052455833094434114,410.0,0.086596
0.07852769592140689,410.0,0.1
0.04924387241719337,420.0,0.0001
0.06286291512924679,420.0,0.000115
0.04962877365300555,420.0,0.000133
0.03944341804871263,420.0,0.000154
0.06416238337567658,420.0,0.000178
0.0872504613803773,420.0,0.000205
0.037218447318568264,420.0,0.000237
0.08004286103412173,420.0,0.000274
0.050790045819294534,420.0,0.000316
0.0533409674335449,420.0,0.000365
0.09543847295820031,420.0,0.000422
0.05405164507390966,420.0,0.000487
0.038121369007732074,420.0,0.000562
0.034092432399034506,420.0,0.000649
0.04042183141113669,420.0,0.00075
0.0797829978029151,420.0,0.000866
0.04811713225461321,420.0,0.001
0.09153982524499794,420.0,0.001155
0.051684337533494926,420.0,0.001334
0.07898765372176432,420.0,0.00154
0.07512433620005139,420.0,0.001778
0.13102758823066293,420.0,0.002054
0.0891072228606547,420.0,0.002371
0.24894339534549564,420.0,0.002738
0.07875391219174602,420.0,0.003162
0.0606897241420939,420.0,0.003652
0.06383063698370096,420.0,0.004217
0.07991804103468059,420.0,0.00487
0.0874947762188089,420.0,0.005623
0.28853177501531774,420.0,0.006494
0.0512487274672675,420.0,0.007499
0.060219797327558694,420.0,0.00866
0.2540893664377459,420.0,0.01
0.11988310685775043,420.0,0.011548
0.05196852996664297,420.0,0.013335
0.07051345496573075,420.0,0.015399
0.41771976149078716,420.0,0.017783
0.08241423928239404,420.0,0.020535
0.09346685098400197,420.0,0.023714
0.0557135272176231,420.0,0.027384
0.06883860048512494,420.0,0.031623
0.040211428036389066,420.0,0.036517
0.049772219610059426,420.0,0.04217
0.08392404757919072,420.0,0.048697
0.1331149450647962,420.0,0.056234
0.06058268685343006,420.0,0.064938
0.047489617526898883,420.0,0.074989
0.07306938051436505,420.0,0.086596
0.08960778315773199,420.0,0.1
0.049837870791475135,430.0,0.0001
0.045411642377582474,430.0,0.000115
0.046932050824705446,430.0,0.000133
0.03390151112004164,430.0,0.000154
0.069171551363139,430.0,0.000178
0.0480484157757996,430.0,0.000205
0.05246643430299836,430.0,0.000237
0.04548613465064893,430.0,0.000274
0.0475361174265402,430.0,0.000316
0.09969375442440849,430.0,0.000365
0.08393441513374308,430.0,0.000422
0.07572793234964957,430.0,0.000487
0.06329984465531953,430.0,0.000562
0.05162546290705923,430.0,0.000649
0.07197424611112001,430.0,0.00075
0.11351740751628092,430.0,0.000866
0.049130084791983324,430.0,0.001
0.05506477225736992,430.0,0.001155
0.05801989637273435,430.0,0.001334
0.061050796375843146,430.0,0.00154
0.15273334478676998,430.0,0.001778
0.21174908994715697,430.0,0.002054
0.15240582844569048,430.0,0.002371
0.20728465904865184,430.0,0.002738
0.23219284157748296,430.0,0.003162
0.04388293509981569,430.0,0.003652
0.06719560049359227,430.0,0.004217
0.12812685126649553,430.0,0.00487
0.10683189682030196,430.0,0.005623
0.09722631111420178,430.0,0.006494
0.09846727408522717,430.0,0.007499
0.08161916672630772,430.0,0.00866
0.16910140793648,430.0,0.01
0.049387710013944264,430.0,0.011548
0.16796375403022837,430.0,0.013335
0.1331496414479475,430.0,0.015399
0.04048250513018771,430.0,0.017783
0.05206616519713222,430.0,0.020535
0.05921420029063285,430.0,0.023714
0.07222051533157617,430.0,0.027384
0.04672851500657441,430.0,0.031623
0.08847371299656384,430.0,0.036517
0.09642065688569501,430.0,0.04217
0.06363780703422284,430.0,0.048697
0.053946265515026945,430.0,0.056234
0.05388885197552888,430.0,0.064938
0.05496857380791562,430.0,0.074989
0.05518616708695154,430.0,0.086596
0.0734965550656388,430.0,0.1
0.04419230358953136,440.0,0.0001
0.03858527500651215,440.0,0.000115
0.05721055654267206,440.0,0.000133
0.05516351820691273,440.0,0.000154
0.0476929266255541,440.0,0.000178
0.04396213632593673,440.0,0.000205
0.04388402059581215,440.0,0.000237
0.054364725425787186,440.0,0.000274
0.047954745772415645,440.0,0.000316
0.03554357594485191,440.0,0.000365
0.0653204703597777,440.0,0.000422
0.05832814663401158,440.0,0.000487
0.12454950962611437,440.0,0.000562
0.037990398179280585,440.0,0.000649
0.05033033452378216,440.0,0.00075
0.1002746059007549,440.0,0.000866
0.1005045975153111,440.0,0.001
0.07944469312834226,440.0,0.001155
0.0726787437481465,440.0,0.001334
0.16316272442412552,440.0,0.00154
0.1275753814294754,440.0,0.001778
0.054212923869510425,440.0,0.002054
0.05380307530432832,440.0,0.002371
0.07697438562982167,440.0,0.002738
0.031139635991939755,440.0,0.003162
0.27688308711839965,440.0,0.003652
0.04006285664407652,440.0,0.004217
0.06429093642366687,440.0,0.00487
0.22624880326153837,440.0,0.005623
0.1269092750893673,440.0,0.006494
0.035268253604372,440.0,0.007499
0.03636177143678809,440.0,0.00866
0.2908332914527051,440.0,0.01
0.09382227533288336,440.0,0.011548
0.047380945359778034,440.0,0.013335
0.07965802016658508,440.0,0.015399
0.059867426759835564,440.0,0.017783
0.1425973690085373,440.0,0.020535
0.06481726594399381,440.0,0.023714
0.06237572006855494,440.0,0.027384
0.03662214562564277,440.0,0.031623
0.05758090291879272,440.0,0.036517
0.07263510980873387,440.0,0.04217
0.037700568849004835,440.0,0.048697
0.04276220216124532,440.0,0.056234
0.061188456640918515,440.0,0.064938
0.095074975327321,440.0,0.074989
0.06680539334947178,440.0,0.086596
0.06492518307139117,440.0,0.1
0.04478655224911549,450.0,0.0001
0.043832946688888576,450.0,0.000115
0.04249504489471737,450.0,0.000133
0.03820800005488239,450.0,0.000154
0.04635094459661447,450.0,0.000178
0.043824531614909415,450.0,0.000205
0.03861982370030159,450.0,0.000237
0.04966858248617909,450.0,0.000274
0.048266367573287665,450.0,0.000316
0.03690943833763749,450.0,0.000365
0.04474161886967838,450.0,0.000422
0.04318501071926277,450.0,0.000487
0.03774707878826632,450.0,0.000562
0.06798885233170193,450.0,0.000649
0.05756090357598636,450.0,0.00075
0.060345788214428056,450.0,0.000866
0.05536165240438929,450.0,0.001
0.08904166144883774,450.0,0.001155
0.07527171070130052,450.0,0.001334
0.09875109897153503,450.0,0.00154
0.1038447044157025,450.0,0.001778
0.08657993773753087,450.0,0.002054
0.0468740288306746,450.0,0.002371
0.05934292621970181,450.0,0.002738
0.03853635643484886,450.0,0.003162
0.052807044908098975,450.0,0.003652
0.051546129298538405,450.0,0.004217
0.05543689749192417,450.0,0.00487
0.10387955137325026,450.0,0.005623
0.07322667844637008,450.0,0.006494
0.05261083064524303,450.0,0.007499
0.04682609441784194,450.0,0.00866
0.05014916519775722,450.0,0.01
0.10032932953711086,450.0,0.011548
0.043725967108658864,450.0,0.013335
0.06637881922204321,450.0,0.015399
0.05171041040347353,450.0,0.017783
0.08341425189408155,450.0,0.020535
0.057144765148251224,450.0,0.023714
0.23842882643350866,450.0,0.027384
0.0778026963791123,450.0,0.031623
0.07412569017998669,450.0,0.036517
0.05356064303676958,450.0,0.04217
0.06519649865252283,450.0,0.048697
0.0615677151305328,450.0,0.056234
0.061617993329927255,450.0,0.064938
0.059967010927678734,450.0,0.074989
0.06397169032032966,450.0,0.086596
0.028373894570704508,450.0,0.1
0.04697166821424487,460.0,0.0001
0.053535174319061615,460.0,0.000115
0.032263317617422876,460.0,0.000133
0.04467342266639242,460.0,0.000154
0.03365758512844524,460.0,0.000178
0.04591976484755807,460.0,0.000205
0.05415117252145711,460.0,0.000237
0.04678887658523262,460.0,0.000274
0.03008839076373172,460.0,0.000316
0.05040346751654176,460.0,0.000365
0.06170873384797501,460.0,0.000422
0.05514420984606119,460.0,0.000487
0.05811092328768048,460.0,0.000562
0.07633138633693956,460.0,0.000649
0.06798339938147266,460.0,0.00075
0.0626224419740297,460.0,0.000866
0.0584500871385554,460.0,0.001
0.12928290032441744,460.0,0.001155
0.04810070479165685,460.0,0.001334
0.03624123428273814,460.0,0.00154
0.05304196110389787,460.0,0.001778
0.04685907273819238,460.0,0.002054
0.07724335024815274,460.0,0.002371
0.05840870981522288,460.0,0.002738
0.07900364309938057,460.0,0.003162
0.04918386139755006,460.0,0.003652
0.11760869974262018,460.0,0.004217
0.3438039515153216,460.0,0.00487
0.11727632910272398,460.0,0.005623
0.12207114086348494,460.0,0.006494
0.1771196419755909,460.0,0.007499
0.08777474758437603,460.0,0.00866
0.06040543781165812,460.0,0.01
0.10386380920148769,460.0,0.011548
0.056041510529169884,460.0,0.013335
0.13976312695999907,460.0,0.015399
0.12788512598507462,460.0,0.017783
0.13932826241492519,460.0,0.020535
0.04711099302755869,460.0,0.023714
0.07028467838982211,460.0,0.027384
0.036761752164981995,460.0,0.031623
0.05038019263975057,460.0,0.036517
0.07701467557884023,460.0,0.04217
0.04480889972014125,460.0,0.048697
0.06421298595764893,460.0,0.056234
0.05939392591388425,460.0,0.064938
0.07156627669004552,460.0,0.074989
0.05476512845832992,460.0,0.086596
0.06876060406282274,460.0,0.1
0.03934933818886137,470.0,0.0001
0.04164670116854444,470.0,0.000115
0.04260634302507244,470.0,0.000133
0.03797406063035065,470.0,0.000154
0.06063983702379239,470.0,0.000178
0.05813466184533347,470.0,0.000205
0.04461123270311846,470.0,0.000237
0.04836280844312608,470.0,0.000274
0.032671869634792655,470.0,0.000316
0.04628902806575579,470.0,0.000365
0.055071507157694106,470.0,0.000422
0.0555175619336165,470.0,0.000487
0.03425671342272085,470.0,0.000562
0.03896622527040685,470.0,0.000649
0.04971362010639116,470.0,0.00075
0.08617999256988798,470.0,0.000866
0.057131335332032816,470.0,0.001
0.09543755490439944,470.0,0.001155
0.17793855103983283,470.0,0.001334
0.08131744798161193,470.0,0.00154
0.07860359151385998,470.0,0.001778
0.04758970145459789,470.0,0.002054
0.05313236093306039,470.0,0.002371
0.07533898994342789,470.0,0.002738
0.1415522241436521,470.0,0.003162
0.05546488548717801,470.0,0.003652
0.13342698255301902,470.0,0.004217
0.12739198307327979,470.0,0.00487
0.3802685323563518,470.0,0.005623
0.07215427040055555,470.0,0.006494
0.04544912201829365,470.0,0.007499
0.06991308909463605,470.0,0.00866
0.15964071412377145,470.0,0.01
0.07988243714652477,470.0,0.011548
0.09425110867109161,470.0,0.013335
0.17407024637828958,470.0,0.015399
0.10793268459023236,470.0,0.017783
0.12987209918675774,470.0,0.020535
0.06326779029531769,470.0,0.023714
0.11183948849227796,470.0,0.027384
0.13097483972458335,470.0,0.031623
0.099521457771722,470.0,0.036517
0.05327249923539507,470.0,0.04217
0.06194029694274851,470.0,0.048697
0.10529252064059115,470.0,0.056234
0.07812452115508389,470.0,0.064938
0.05040607978484997,470.0,0.074989
0.04011133391596776,470.0,0.086596
0.05672598058090521,470.0,0.1
0.03235779847461461,480.0,0.0001
0.04302380417516034,480.0,0.000115
0.07150769347343487,480.0,0.000133
0.03930362319717366,480.0,0.000154
0.03841122518156078,480.0,0.000178
0.05402158602169815,480.0,0.000205
0.08803165454293038,480.0,0.000237
0.04225506018886319,480.0,0.000274
0.0429870513223849,480.0,0.000316
0.04990535383817024,480.0,0.000365
0.062132063142816066,480.0,0.000422
0.07168009959408811,480.0,0.000487
0.04892484750272083,480.0,0.000562
0.04055279657237956,480.0,0.000649
0.06293848594181173,480.0,0.00075
0.09199671758626476,480.0,0.000866
0.08943173397591912,480.0,0.001
0.05039533521366762,480.0,0.001155
0.04723544165231421,480.0,0.001334
0.05002075847663403,480.0,0.00154
0.04504788980353024,480.0,0.001778
0.07862130373464286,480.0,0.002054
0.07922095444149553,480.0,0.002371
0.33992614632370044,480.0,0.002738
0.06485421202864028,480.0,0.003162
0.053910761792013526,480.0,0.003652
0.04004079942060176,480.0,0.004217
0.0735133831588271,480.0,0.00487
0.05035290092310158,480.0,0.005623
0.2733107942494584,480.0,0.006494
0.5166200230305922,480.0,0.007499
0.08410051344755716,480.0,0.00866
1.9533659872921172,480.0,0.01
0.09527601723777439,480.0,0.011548
0.17969156180187512,480.0,0.013335
0.06068644728182584,480.0,0.015399
0.059491283092789234,480.0,0.017783
0.1179186258769091,480.0,0.020535
0.0787322662232054,480.0,0.023714
0.06964293968911636,480.0,0.027384
0.05298248193306927,480.0,0.031623
0.15108409431702996,480.0,0.036517
0.10849620675347552,480.0,0.04217
0.055074308576815625,480.0,0.048697
0.03585781088030762,480.0,0.056234
0.16376509746472206,480.0,0.064938
0.07784844067481031,480.0,0.074989
0.045028707023737076,480.0,0.086596
0.05857182793158766,480.0,0.1
0.03878015702379158,490.0,0.0001
0.036631308227099174,490.0,0.000115
0.04947941665264311,490.0,0.000133
0.04602971806186785,490.0,0.000154
0.06307709862252468,490.0,0.000178
0.05831393347662484,490.0,0.000205
0.04179100408080225,490.0,0.000237
0.046944019982537916,490.0,0.000274
0.04866837492029807,490.0,0.000316
0.05346898294387426,490.0,0.000365
0.055464572441321344,490.0,0.000422
0.07284835461302046,490.0,0.000487
0.0667468529653916,490.0,0.000562
0.08367853103358872,490.0,0.000649
0.07456824354867729,490.0,0.00075
0.07268144593568543,490.0,0.000866
0.08163363655693907,490.0,0.001
0.0509668627829109,490.0,0.001155
0.10186173802566237,490.0,0.001334
0.06757718268664062,490.0,0.00154
0.07185925232222709,490.0,0.001778
0.10703517168233559,490.0,0.002054
0.10156005554767084,490.0,0.002371
0.06888897416547987,490.0,0.002738
0.11942727831030771,490.0,0.003162
0.06320016295572975,490.0,0.003652
0.1499162401734171,490.0,0.004217
0.06897243853205821,490.0,0.00487
0.08318255501680026,490.0,0.005623
0.09937083316908932,490.0,0.006494
0.09951908578792083,490.0,0.007499
0.047265725358320645,490.0,0.00866
0.47709703684195737,490.0,0.01
0.07296549777623729,490.0,0.011548
0.06120589410434548,490.0,0.013335
0.06600706804412454,490.0,0.015399
0.10109977049253863,490.0,0.017783
0.056264181681600495,490.0,0.020535
0.06236362349074423,490.0,0.023714
0.06433002872260031,490.0,0.027384
0.11885622052234376,490.0,0.031623
0.08415761507897312,490.0,0.036517
0.054545154245612834,490.0,0.04217
0.06784849112501946,490.0,0.048697
0.06143818276581272,490.0,0.056234
0.05696038940683652,490.0,0.064938
0.07572294335085536,490.0,0.074989
0.1053193606675448,490.0,0.086596
0.04539212642020242,490.0,0.1
