Time:,17:35:41.348435
MSE,Epochs,Learning Rate
0.04453914965054439,1.0,0.0001
0.051204931528629156,1.0,0.000115
0.05136674205508345,1.0,0.000133
0.09382100522292885,1.0,0.000154
0.06272874692739695,1.0,0.000178
0.33800173254992866,1.0,0.000205
0.1762568299344636,1.0,0.000237
0.05512883482980364,1.0,0.000274
0.04983058018306263,1.0,0.000316
0.022333796208297767,1.0,0.000365
0.06480786841482025,1.0,0.000422
0.02206770874503305,1.0,0.000487
0.024987709051443586,1.0,0.000562
0.021625517577914935,1.0,0.000649
0.0728645241155691,1.0,0.00075
0.02216147963952521,1.0,0.000866
0.026312366283814437,1.0,0.001
0.0375780295126726,1.0,0.001155
0.06150508261958131,1.0,0.001334
0.02095591349381275,1.0,0.00154
0.020887696321152328,1.0,0.001778
0.02067404762892745,1.0,0.002054
0.018322067373944678,1.0,0.002371
0.01805564332572669,1.0,0.002738
0.015194533989148091,1.0,0.003162
0.015039359791441874,1.0,0.003652
0.011720580313039186,1.0,0.004217
0.011245039307545298,1.0,0.00487
0.015631521554244198,1.0,0.005623
0.012540472019520021,1.0,0.006494
0.011146807215173872,1.0,0.007499
0.010985217093523321,1.0,0.00866
0.010972761651054675,1.0,0.01
0.010389396426588237,1.0,0.011548
0.00934836286107245,1.0,0.013335
0.0092915921329515,1.0,0.015399
0.008340480380048235,1.0,0.017783
0.008522349863160106,1.0,0.020535
0.009041296555123658,1.0,0.023714
0.008165667114332621,1.0,0.027384
0.00742507050264998,1.0,0.031623
0.0077847859164593795,1.0,0.036517
0.007531813731899363,1.0,0.04217
0.007020451757497,1.0,0.048697
0.0072911180997981,1.0,0.056234
0.006018557496407693,1.0,0.064938
0.007849797678058115,1.0,0.074989
0.006741790830749595,1.0,0.086596
0.006583850046045067,1.0,0.1
0.0422791818900238,10.0,0.0001
0.03910859744465873,10.0,0.000115
0.02166028634619105,10.0,0.000133
0.022323200733816457,10.0,0.000154
0.01807846071683338,10.0,0.000178
0.019973841494868173,10.0,0.000205
0.018824718279613344,10.0,0.000237
0.017903875916156397,10.0,0.000274
0.013600113734662031,10.0,0.000316
0.01351161700675846,10.0,0.000365
0.01452791188249541,10.0,0.000422
0.011588792659332802,10.0,0.000487
0.013163972136220779,10.0,0.000562
0.010703411957605347,10.0,0.000649
0.011304168207182231,10.0,0.00075
0.010646987352248614,10.0,0.000866
0.009249103468352815,10.0,0.001
0.009802509480872254,10.0,0.001155
0.009103557321581187,10.0,0.001334
0.009524174941134068,10.0,0.00154
0.008792246578111373,10.0,0.001778
0.00859807679246744,10.0,0.002054
0.00816366118115499,10.0,0.002371
0.007345593021823658,10.0,0.002738
0.007386568293622989,10.0,0.003162
0.00707161554698169,10.0,0.003652
0.007596485403425988,10.0,0.004217
0.0074860265877555445,10.0,0.00487
0.006893191243316826,10.0,0.005623
0.006733021752210597,10.0,0.006494
0.007640220604506102,10.0,0.007499
0.005601551342458026,10.0,0.00866
0.0054688651886752445,10.0,0.01
0.005285348260520724,10.0,0.011548
0.006094055653086183,10.0,0.013335
0.0051659073806746,10.0,0.015399
0.0053732610322772545,10.0,0.017783
0.006153507885386787,10.0,0.020535
0.005337171381513004,10.0,0.023714
0.0061109295537227415,10.0,0.027384
0.006043601538047827,10.0,0.031623
0.006227909947521222,10.0,0.036517
0.005922387030850529,10.0,0.04217
0.006779119813499205,10.0,0.048697
0.005638853284273525,10.0,0.056234
0.005996059535599889,10.0,0.064938
0.0056529380898889476,10.0,0.074989
0.0063679311090820805,10.0,0.086596
0.006017525833017283,10.0,0.1
0.017809896323082396,20.0,0.0001
0.014667174772207707,20.0,0.000115
0.01502240375404474,20.0,0.000133
0.020310753640538585,20.0,0.000154
0.013821553509742056,20.0,0.000178
0.013382467066109719,20.0,0.000205
0.009340749204200164,20.0,0.000237
0.012338900472066712,20.0,0.000274
0.01098952500785168,20.0,0.000316
0.012404449675944897,20.0,0.000365
0.010691725899809547,20.0,0.000422
0.00917771677071935,20.0,0.000487
0.009563993394287007,20.0,0.000562
0.009599278758042541,20.0,0.000649
0.008658029661485515,20.0,0.00075
0.009589603005832599,20.0,0.000866
0.00846769073161231,20.0,0.001
0.008944809366188584,20.0,0.001155
0.007719513485045648,20.0,0.001334
0.008391084041524107,20.0,0.00154
0.007846911738642983,20.0,0.001778
0.00657649645305564,20.0,0.002054
0.00723556805016808,20.0,0.002371
0.0064859428080564765,20.0,0.002738
0.006629359121878938,20.0,0.003162
0.0060405270436691035,20.0,0.003652
0.005206062253052601,20.0,0.004217
0.00582437808678184,20.0,0.00487
0.006435750579611248,20.0,0.005623
0.006635837148925316,20.0,0.006494
0.005374423218547302,20.0,0.007499
0.007355323074590039,20.0,0.00866
0.006083292075033207,20.0,0.01
0.007462659358590317,20.0,0.011548
0.005368224408261049,20.0,0.013335
0.007056037923494178,20.0,0.015399
0.007844662940896393,20.0,0.017783
0.008857823801181471,20.0,0.020535
0.005799695801228089,20.0,0.023714
0.007220630567441753,20.0,0.027384
0.005951142952269367,20.0,0.031623
0.005774498634286278,20.0,0.036517
0.008794186723972813,20.0,0.04217
0.004534157601577972,20.0,0.048697
0.00799348415202129,20.0,0.056234
0.006857093493381202,20.0,0.064938
0.008876309900072052,20.0,0.074989
0.015291757153364574,20.0,0.086596
0.004389944180988553,20.0,0.1
0.014335548334543266,30.0,0.0001
0.015958307866861105,30.0,0.000115
0.012149962154852157,30.0,0.000133
0.011573059679233699,30.0,0.000154
0.011998877433218447,30.0,0.000178
0.01395046481579068,30.0,0.000205
0.01065045353888551,30.0,0.000237
0.009785481861466013,30.0,0.000274
0.010781186097132751,30.0,0.000316
0.009229229789654075,30.0,0.000365
0.00954740273708193,30.0,0.000422
0.009271146811386584,30.0,0.000487
0.009268470414088528,30.0,0.000562
0.008802561102059172,30.0,0.000649
0.00823843871092931,30.0,0.00075
0.00885584954000762,30.0,0.000866
0.008130941379826192,30.0,0.001
0.008257791914388109,30.0,0.001155
0.006802731063198432,30.0,0.001334
0.006866318030112187,30.0,0.00154
0.005919757877022224,30.0,0.001778
0.006601138397476817,30.0,0.002054
0.00552589539490582,30.0,0.002371
0.00644319305059225,30.0,0.002738
0.005585331294769462,30.0,0.003162
0.0056504960724116276,30.0,0.003652
0.005233609241892363,30.0,0.004217
0.004810819891291402,30.0,0.00487
0.006388940688451058,30.0,0.005623
0.006708221060894055,30.0,0.006494
0.00563224442786131,30.0,0.007499
0.0069079557806031,30.0,0.00866
0.006549735868282965,30.0,0.01
0.0081722644914606,30.0,0.011548
0.013227023602242474,30.0,0.013335
0.01057923545812584,30.0,0.015399
0.011255047673179355,30.0,0.017783
0.007537302348524191,30.0,0.020535
0.007750137366668815,30.0,0.023714
0.005932140877464422,30.0,0.027384
0.007049538102064602,30.0,0.031623
0.009647543002639454,30.0,0.036517
0.009508386862201132,30.0,0.04217
0.008278094770960918,30.0,0.048697
0.008310249857180223,30.0,0.056234
0.011632177493718634,30.0,0.064938
0.013987948720045898,30.0,0.074989
0.05217297551764489,30.0,0.086596
0.07316454607873445,30.0,0.1
0.012379649407696538,40.0,0.0001
0.012052390583016897,40.0,0.000115
0.011707218663544692,40.0,0.000133
0.010194535893233657,40.0,0.000154
0.009664820959661036,40.0,0.000178
0.009776794070995467,40.0,0.000205
0.009972162680440684,40.0,0.000237
0.008974102061780715,40.0,0.000274
0.00918430175384111,40.0,0.000316
0.008994243251785697,40.0,0.000365
0.008420194716305198,40.0,0.000422
0.008597698457491492,40.0,0.000487
0.008856452658640235,40.0,0.000562
0.008019270108746018,40.0,0.000649
0.007391115898782243,40.0,0.00075
0.00801337332347562,40.0,0.000866
0.006875009604570281,40.0,0.001
0.006646252328085136,40.0,0.001155
0.006575591775236784,40.0,0.001334
0.005818693545988521,40.0,0.00154
0.005989371015534691,40.0,0.001778
0.005752372235166516,40.0,0.002054
0.005921305887678402,40.0,0.002371
0.0065962930606705055,40.0,0.002738
0.0050400869763385725,40.0,0.003162
0.005452228015401681,40.0,0.003652
0.0050983652195843955,40.0,0.004217
0.007029008357345462,40.0,0.00487
0.006953469534941419,40.0,0.005623
0.0058700134141505675,40.0,0.006494
0.007651974946254144,40.0,0.007499
0.007472614403566706,40.0,0.00866
0.005338923979607157,40.0,0.01
0.00857584428443492,40.0,0.011548
0.007899287257471632,40.0,0.013335
0.0058241850531547965,40.0,0.015399
0.008463264218587736,40.0,0.017783
0.010129695141217882,40.0,0.020535
0.0062949934765730116,40.0,0.023714
0.005119500984752569,40.0,0.027384
0.008499348553430765,40.0,0.031623
0.00541582251951233,40.0,0.036517
0.00541284048582114,40.0,0.04217
0.01370988106980677,40.0,0.048697
0.005691476144957858,40.0,0.056234
0.006695239507482971,40.0,0.064938
0.04141433790337024,40.0,0.074989
0.05474822688571923,40.0,0.086596
0.008641177175544001,40.0,0.1
0.011226035938752954,50.0,0.0001
0.012094752093387123,50.0,0.000115
0.009922886466918026,50.0,0.000133
0.0119425465097674,50.0,0.000154
0.0095374532837841,50.0,0.000178
0.009653441509707839,50.0,0.000205
0.009550951314310002,50.0,0.000237
0.009089263434259412,50.0,0.000274
0.00840918184519242,50.0,0.000316
0.008668651048265953,50.0,0.000365
0.008238767640524435,50.0,0.000422
0.008054554547464296,50.0,0.000487
0.007919168498799744,50.0,0.000562
0.007531277164701109,50.0,0.000649
0.007008359775809777,50.0,0.00075
0.00651431172780003,50.0,0.000866
0.006532310133959916,50.0,0.001
0.006330570379107774,50.0,0.001155
0.005290598358944458,50.0,0.001334
0.005421597721921033,50.0,0.00154
0.006156424462116436,50.0,0.001778
0.005474131172543631,50.0,0.002054
0.005546179291106633,50.0,0.002371
0.005710626902784906,50.0,0.002738
0.005491832676842099,50.0,0.003162
0.005779192381282747,50.0,0.003652
0.006331149398339912,50.0,0.004217
0.006987339003038427,50.0,0.00487
0.0065156229523035845,50.0,0.005623
0.007177759546836784,50.0,0.006494
0.00753997907134234,50.0,0.007499
0.004647801883537491,50.0,0.00866
0.007317618350460217,50.0,0.01
0.009159670826057667,50.0,0.011548
0.00984452535564966,50.0,0.013335
0.01013565977993461,50.0,0.015399
0.007049139008368174,50.0,0.017783
0.012445582200531546,50.0,0.020535
0.00673583608415628,50.0,0.023714
0.011737427831506475,50.0,0.027384
0.003465755056201477,50.0,0.031623
0.008632849170108524,50.0,0.036517
0.007953257067387283,50.0,0.04217
0.17916901942231744,50.0,0.048697
0.006117384256304366,50.0,0.056234
0.012593115101715622,50.0,0.064938
0.008975322947051867,50.0,0.074989
0.019223159094107822,50.0,0.086596
0.03962437370159776,50.0,0.1
0.012443527076301997,60.0,0.0001
0.010797093568997615,60.0,0.000115
0.009328951740459642,60.0,0.000133
0.009441818902977512,60.0,0.000154
0.009203251352015352,60.0,0.000178
0.008490244911217732,60.0,0.000205
0.008412414990979744,60.0,0.000237
0.008883683259690493,60.0,0.000274
0.00877822099462911,60.0,0.000316
0.008229574936038387,60.0,0.000365
0.007563165170842681,60.0,0.000422
0.007560527519889595,60.0,0.000487
0.007761720910267979,60.0,0.000562
0.006626309221529681,60.0,0.000649
0.007169212653662392,60.0,0.00075
0.006398358129875595,60.0,0.000866
0.006029718695436732,60.0,0.001
0.005881884246049421,60.0,0.001155
0.005668410244886085,60.0,0.001334
0.005335440665507979,60.0,0.00154
0.004733577452463319,60.0,0.001778
0.005453417305205933,60.0,0.002054
0.006839017052257194,60.0,0.002371
0.005570660175846317,60.0,0.002738
0.004714200367668838,60.0,0.003162
0.007616676473897011,60.0,0.003652
0.0054655500332573175,60.0,0.004217
0.006939848624222819,60.0,0.00487
0.006556068919371703,60.0,0.005623
0.007146035000406395,60.0,0.006494
0.00623726615235376,60.0,0.007499
0.007873481584292798,60.0,0.00866
0.011715619755659582,60.0,0.01
0.010061038159996103,60.0,0.011548
0.010735039351703085,60.0,0.013335
0.00744737990815917,60.0,0.015399
0.008538710581574198,60.0,0.017783
0.009383074565284073,60.0,0.020535
0.0093462158015589,60.0,0.023714
0.07321538404629628,60.0,0.027384
0.10474842658944106,60.0,0.031623
0.007163178072944213,60.0,0.036517
0.008682760561774439,60.0,0.04217
0.028317029386133247,60.0,0.048697
0.00555014569152977,60.0,0.056234
0.03927223759196669,60.0,0.064938
0.08346321036891802,60.0,0.074989
0.0031889326021847,60.0,0.086596
0.006923793831710208,60.0,0.1
0.011057653713803593,70.0,0.0001
0.009653349038950926,70.0,0.000115
0.010488036372289193,70.0,0.000133
0.008873338214487233,70.0,0.000154
0.008658367501692096,70.0,0.000178
0.008906475484445536,70.0,0.000205
0.008616148358246102,70.0,0.000237
0.008033101670822586,70.0,0.000274
0.00847706564020197,70.0,0.000316
0.008012255510986579,70.0,0.000365
0.007981642646689609,70.0,0.000422
0.007769550792413792,70.0,0.000487
0.006791037923208068,70.0,0.000562
0.007552918779165321,70.0,0.000649
0.0067511836768129945,70.0,0.00075
0.006021978167110341,70.0,0.000866
0.006498585240655971,70.0,0.001
0.005167838110383038,70.0,0.001155
0.005499603689542402,70.0,0.001334
0.00508716085580295,70.0,0.00154
0.005964643504368795,70.0,0.001778
0.005830526967705828,70.0,0.002054
0.006096462782631997,70.0,0.002371
0.005510249899490734,70.0,0.002738
0.005317259629179043,70.0,0.003162
0.006063532579416214,70.0,0.003652
0.005468265981670914,70.0,0.004217
0.006668729126650834,70.0,0.00487
0.008373728266360203,70.0,0.005623
0.008584116166380329,70.0,0.006494
0.017538671471519662,70.0,0.007499
0.005845219275318103,70.0,0.00866
0.0151353594926099,70.0,0.01
0.005429340805825455,70.0,0.011548
0.016009788372741463,70.0,0.013335
0.008228776528947176,70.0,0.015399
0.0065537493291677315,70.0,0.017783
0.00506247199201181,70.0,0.020535
0.018804611924251664,70.0,0.023714
0.01453221633432387,70.0,0.027384
0.0072679694921668,70.0,0.031623
0.005958931782673008,70.0,0.036517
0.02080546160336626,70.0,0.04217
0.06084512391618312,70.0,0.048697
0.0059066637826326665,70.0,0.056234
0.024431761674577546,70.0,0.064938
0.007461842851145563,70.0,0.074989
0.005563199768887197,70.0,0.086596
0.006471527086949656,70.0,0.1
0.009379524114102892,80.0,0.0001
0.010687242809290133,80.0,0.000115
0.00929900284674551,80.0,0.000133
0.009531980031689409,80.0,0.000154
0.00831911580995366,80.0,0.000178
0.008556299241910844,80.0,0.000205
0.008156262328316547,80.0,0.000237
0.008451457444592152,80.0,0.000274
0.007986538621170984,80.0,0.000316
0.00810740227185002,80.0,0.000365
0.007357757205873903,80.0,0.000422
0.006796849607936528,80.0,0.000487
0.007246858186819857,80.0,0.000562
0.006877699226966869,80.0,0.000649
0.006176997419531419,80.0,0.00075
0.0058902306173702875,80.0,0.000866
0.0057187536923964145,80.0,0.001
0.005570435721684548,80.0,0.001155
0.006254571398220436,80.0,0.001334
0.0051626283864652615,80.0,0.00154
0.006659453115036529,80.0,0.001778
0.005546179231946269,80.0,0.002054
0.005180006175097181,80.0,0.002371
0.005932881282410259,80.0,0.002738
0.006343884529562138,80.0,0.003162
0.006408312535913442,80.0,0.003652
0.010483297817110436,80.0,0.004217
0.0074803731242312965,80.0,0.00487
0.006543618725842717,80.0,0.005623
0.007577406675083336,80.0,0.006494
0.006902455303612897,80.0,0.007499
0.005883775455411594,80.0,0.00866
0.007764926690679827,80.0,0.01
0.005669987630930952,80.0,0.011548
0.004749522180978065,80.0,0.013335
0.015413020732679602,80.0,0.015399
0.009107309737908027,80.0,0.017783
0.006649267886796238,80.0,0.020535
0.0058223897749956136,80.0,0.023714
0.07949975703971703,80.0,0.027384
0.010140328943425975,80.0,0.031623
0.0050907329549943064,80.0,0.036517
0.007086295883829294,80.0,0.04217
0.005178107321204318,80.0,0.048697
0.006017678619100189,80.0,0.056234
0.007999256641035086,80.0,0.064938
0.008758951273108,80.0,0.074989
0.006312511167573596,80.0,0.086596
0.060150705148330985,80.0,0.1
0.00965847933097559,90.0,0.0001
0.00902122940306294,90.0,0.000115
0.009232311979762334,90.0,0.000133
0.009287308305674619,90.0,0.000154
0.008933702510280852,90.0,0.000178
0.00901010860231584,90.0,0.000205
0.008299212680454056,90.0,0.000237
0.008426595012807642,90.0,0.000274
0.008059973572345499,90.0,0.000316
0.007340853336065846,90.0,0.000365
0.007229096666012125,90.0,0.000422
0.007278359060456426,90.0,0.000487
0.0066863528838725815,90.0,0.000562
0.0062629468873143836,90.0,0.000649
0.006136718646491614,90.0,0.00075
0.005470263219155269,90.0,0.000866
0.005232052636922386,90.0,0.001
0.005299327629733508,90.0,0.001155
0.006191709551026843,90.0,0.001334
0.005488812173493163,90.0,0.00154
0.004588164542059562,90.0,0.001778
0.006010263388174443,90.0,0.002054
0.006408486806046749,90.0,0.002371
0.0060087955927448184,90.0,0.002738
0.005941047452901624,90.0,0.003162
0.008558963915514693,90.0,0.003652
0.008205972185505324,90.0,0.004217
0.00470290189420645,90.0,0.00487
0.009602764375271087,90.0,0.005623
0.007705347541028854,90.0,0.006494
0.010345821427452094,90.0,0.007499
0.010212669205023181,90.0,0.00866
0.0061654333567337,90.0,0.01
0.005843038085864008,90.0,0.011548
0.01124221870440483,90.0,0.013335
0.00886773606906812,90.0,0.015399
0.012399869193080998,90.0,0.017783
0.0096749622120398,90.0,0.020535
0.016005010248950808,90.0,0.023714
0.012558574715969315,90.0,0.027384
0.013825347981420003,90.0,0.031623
0.005859678959526476,90.0,0.036517
0.011756154031305671,90.0,0.04217
0.007276776938354712,90.0,0.048697
0.006166406560295891,90.0,0.056234
0.003926177038986762,90.0,0.064938
0.05535850736744994,90.0,0.074989
0.011058693519638148,90.0,0.086596
0.005358055117454204,90.0,0.1
0.011508935270598255,100.0,0.0001
0.009510240134315775,100.0,0.000115
0.00914232940626583,100.0,0.000133
0.00843092554843232,100.0,0.000154
0.009156434897407839,100.0,0.000178
0.008447743754407258,100.0,0.000205
0.007610594065164002,100.0,0.000237
0.008034868151054442,100.0,0.000274
0.006939609721977128,100.0,0.000316
0.007103850586624903,100.0,0.000365
0.0065034372416715655,100.0,0.000422
0.0073198136172775595,100.0,0.000487
0.006151819310397687,100.0,0.000562
0.006322616896196138,100.0,0.000649
0.005842905504762818,100.0,0.00075
0.005591827554018887,100.0,0.000866
0.005746459023499858,100.0,0.001
0.005074600605114987,100.0,0.001155
0.0056561401944807506,100.0,0.001334
0.006620939206642587,100.0,0.00154
0.005050375376250635,100.0,0.001778
0.005942390420941453,100.0,0.002054
0.007256126356656383,100.0,0.002371
0.0056354003269743205,100.0,0.002738
0.006398894070960291,100.0,0.003162
0.006360726424384395,100.0,0.003652
0.007600440113574978,100.0,0.004217
0.0063809016574786675,100.0,0.00487
0.0059931472733212345,100.0,0.005623
0.015710772322959293,100.0,0.006494
0.008829429633093909,100.0,0.007499
0.005099629482272098,100.0,0.00866
0.009320913215070817,100.0,0.01
0.019125103517525808,100.0,0.011548
0.009816140350559397,100.0,0.013335
0.009245993682723016,100.0,0.015399
0.007879982265436425,100.0,0.017783
0.01151562516157711,100.0,0.020535
0.013561195686679078,100.0,0.023714
0.011754550046808783,100.0,0.027384
0.08530596764306812,100.0,0.031623
0.0762637532671759,100.0,0.036517
0.007545546683279825,100.0,0.04217
0.021070033837807523,100.0,0.048697
0.02259988497592205,100.0,0.056234
0.05138890860056159,100.0,0.064938
0.0570447310796894,100.0,0.074989
0.04655724790930685,100.0,0.086596
0.004741350498043459,100.0,0.1
0.009108213127299095,110.0,0.0001
0.00913951277029664,110.0,0.000115
0.009969649538295699,110.0,0.000133
0.008387953827036547,110.0,0.000154
0.008322253317705327,110.0,0.000178
0.008598871282867168,110.0,0.000205
0.007320668915173326,110.0,0.000237
0.007528314315411387,110.0,0.000274
0.007144757390762229,110.0,0.000316
0.0066773991484022485,110.0,0.000365
0.006671794889289377,110.0,0.000422
0.005816736005258452,110.0,0.000487
0.00692158155334507,110.0,0.000562
0.006417325553612283,110.0,0.000649
0.005668111420432255,110.0,0.00075
0.004844424111292286,110.0,0.000866
0.005765624505362374,110.0,0.001
0.005827706044567629,110.0,0.001155
0.005488398179188663,110.0,0.001334
0.005503675058532488,110.0,0.00154
0.006033747935451416,110.0,0.001778
0.004854782807693567,110.0,0.002054
0.007033779818178355,110.0,0.002371
0.007223832372545578,110.0,0.002738
0.0052215438954229055,110.0,0.003162
0.007045677663709324,110.0,0.003652
0.008656896550663158,110.0,0.004217
0.010584591350809358,110.0,0.00487
0.008901282387627716,110.0,0.005623
0.008910085235273061,110.0,0.006494
0.0093272498301586,110.0,0.007499
0.011639550755268312,110.0,0.00866
0.015033756911093736,110.0,0.01
0.008558846966809282,110.0,0.011548
0.00702147962093651,110.0,0.013335
0.008949799282168257,110.0,0.015399
0.01636584101807327,110.0,0.017783
0.007789303044027847,110.0,0.020535
0.009275430310855327,110.0,0.023714
0.0373416040187114,110.0,0.027384
0.20312581148427153,110.0,0.031623
0.005831045913589273,110.0,0.036517
0.057252300959140724,110.0,0.04217
0.14092903477959356,110.0,0.048697
0.008661354395512593,110.0,0.056234
0.11850662091261732,110.0,0.064938
0.005401198217190564,110.0,0.074989
0.7435291146803795,110.0,0.086596
0.004763698070354125,110.0,0.1
0.008534358133296003,120.0,0.0001
0.008852033096643263,120.0,0.000115
0.008461943757926327,120.0,0.000133
0.007926686565047254,120.0,0.000154
0.008190116043923897,120.0,0.000178
0.008133590004820388,120.0,0.000205
0.007661181218592528,120.0,0.000237
0.00744385365546595,120.0,0.000274
0.007087751163892173,120.0,0.000316
0.007290247786361493,120.0,0.000365
0.006083037894731316,120.0,0.000422
0.006372738159449558,120.0,0.000487
0.0067977267914247725,120.0,0.000562
0.00570729202812906,120.0,0.000649
0.006322590198433505,120.0,0.00075
0.006031983296807923,120.0,0.000866
0.005122110954024175,120.0,0.001
0.006010244137261298,120.0,0.001155
0.006202162947350802,120.0,0.001334
0.0064189880082599305,120.0,0.00154
0.006083030664453099,120.0,0.001778
0.0059469692699712804,120.0,0.002054
0.004780610078387868,120.0,0.002371
0.005156567976618586,120.0,0.002738
0.006281304171263318,120.0,0.003162
0.007219869097319909,120.0,0.003652
0.004864871366664377,120.0,0.004217
0.009350018511597202,120.0,0.00487
0.006124417971779224,120.0,0.005623
0.008002863678686216,120.0,0.006494
0.009767344580318554,120.0,0.007499
0.00626224155392931,120.0,0.00866
0.008298618958110062,120.0,0.01
0.011248795511566207,120.0,0.011548
0.03005459024415244,120.0,0.013335
0.010886443699595254,120.0,0.015399
0.007726294625923654,120.0,0.017783
0.009701351402683236,120.0,0.020535
0.054228197885536844,120.0,0.023714
0.009639710355183862,120.0,0.027384
0.031208939766999916,120.0,0.031623
0.009398635028387364,120.0,0.036517
0.007665223716556594,120.0,0.04217
0.007524387506515934,120.0,0.048697
0.0064467812517712665,120.0,0.056234
0.00894598749709833,120.0,0.064938
0.015313243818606695,120.0,0.074989
0.8317476198389894,120.0,0.086596
0.08851960212176413,120.0,0.1
0.008298987408225713,130.0,0.0001
0.008349620056613867,130.0,0.000115
0.008695716445094476,130.0,0.000133
0.008685418436287834,130.0,0.000154
0.007662915928959824,130.0,0.000178
0.007587341901170382,130.0,0.000205
0.007584699936155836,130.0,0.000237
0.006810625254660586,130.0,0.000274
0.006561338514095634,130.0,0.000316
0.006797957077293421,130.0,0.000365
0.006727794352717951,130.0,0.000422
0.006354955685852102,130.0,0.000487
0.005314938397939079,130.0,0.000562
0.006564779397989346,130.0,0.000649
0.005681758067159125,130.0,0.00075
0.0063308268967891,130.0,0.000866
0.004759058230714365,130.0,0.001
0.005917160969809164,130.0,0.001155
0.006569106695872702,130.0,0.001334
0.0064061782811742395,130.0,0.00154
0.006414116441083709,130.0,0.001778
0.008352983385601415,130.0,0.002054
0.006680283730395478,130.0,0.002371
0.006912447675234488,130.0,0.002738
0.007422421176086637,130.0,0.003162
0.004671044558057991,130.0,0.003652
0.006741474415648309,130.0,0.004217
0.008464805180015163,130.0,0.00487
0.00933991357977045,130.0,0.005623
0.011391447599874628,130.0,0.006494
0.012679399295270557,130.0,0.007499
0.012231724468595813,130.0,0.00866
0.015752359283976072,130.0,0.01
0.013096350806015395,130.0,0.011548
0.01898160264185282,130.0,0.013335
0.007397264685818244,130.0,0.015399
0.008855350079558942,130.0,0.017783
0.146777454378795,130.0,0.020535
0.14066375901109465,130.0,0.023714
0.014490742594688308,130.0,0.027384
0.03154256913232279,130.0,0.031623
0.011634027603208039,130.0,0.036517
0.03686097626771536,130.0,0.04217
0.3616737255050571,130.0,0.048697
0.006511873813577128,130.0,0.056234
0.15724535753443972,130.0,0.064938
0.2710758044904243,130.0,0.074989
0.42193877570117344,130.0,0.086596
0.010532437431935661,130.0,0.1
0.009331091177761874,140.0,0.0001
0.008249137608822654,140.0,0.000115
0.008491866750860487,140.0,0.000133
0.008562616840296404,140.0,0.000154
0.00784038433745194,140.0,0.000178
0.007569750237203563,140.0,0.000205
0.007553691018350118,140.0,0.000237
0.007490679571082502,140.0,0.000274
0.00617834520352309,140.0,0.000316
0.006364678601964372,140.0,0.000365
0.005907921925609395,140.0,0.000422
0.006521949547725769,140.0,0.000487
0.006361352149776148,140.0,0.000562
0.006010883368797872,140.0,0.000649
0.0056998639263559974,140.0,0.00075
0.00680514616557235,140.0,0.000866
0.005774525765436164,140.0,0.001
0.005890194428745239,140.0,0.001155
0.006516191743321276,140.0,0.001334
0.0051552586125835865,140.0,0.00154
0.004794338339253942,140.0,0.001778
0.00628622001440288,140.0,0.002054
0.0062077928595212295,140.0,0.002371
0.0050978354125193436,140.0,0.002738
0.005896011350382587,140.0,0.003162
0.005425365293054031,140.0,0.003652
0.013605634433913785,140.0,0.004217
0.008363793143227915,140.0,0.00487
0.018341147905474923,140.0,0.005623
0.006639940068965127,140.0,0.006494
0.008917561422446221,140.0,0.007499
0.010314466208094366,140.0,0.00866
0.008345109794321452,140.0,0.01
0.006215581427961791,140.0,0.011548
0.013104126914241204,140.0,0.013335
0.04468932754829665,140.0,0.015399
0.04079717394267625,140.0,0.017783
0.0067475198258497154,140.0,0.020535
0.007922286838664264,140.0,0.023714
0.0061540979499733655,140.0,0.027384
0.005408328066124156,140.0,0.031623
0.016240940156761485,140.0,0.036517
0.014339526631695049,140.0,0.04217
0.09322082590047681,140.0,0.048697
0.016940415020286603,140.0,0.056234
0.005727527513784151,140.0,0.064938
0.06426846117130937,140.0,0.074989
0.006388328952719443,140.0,0.086596
0.008402645523409939,140.0,0.1
0.009275010477066194,150.0,0.0001
0.00827607755054685,150.0,0.000115
0.007993012317103674,150.0,0.000133
0.007500060223852872,150.0,0.000154
0.007914078478490417,150.0,0.000178
0.00710020550740184,150.0,0.000205
0.007199301670838321,150.0,0.000237
0.006791308693322237,150.0,0.000274
0.006235644558930844,150.0,0.000316
0.006740610411927773,150.0,0.000365
0.006146849868495286,150.0,0.000422
0.005981464739914513,150.0,0.000487
0.005990102713406931,150.0,0.000562
0.00570998755701211,150.0,0.000649
0.00552550935873158,150.0,0.00075
0.004631483664006251,150.0,0.000866
0.005152605249114508,150.0,0.001
0.006306451738343763,150.0,0.001155
0.005506872374221425,150.0,0.001334
0.0047730949856063945,150.0,0.00154
0.0068291134452807415,150.0,0.001778
0.006152123778517153,150.0,0.002054
0.005070881632222146,150.0,0.002371
0.007065654883541195,150.0,0.002738
0.005387685555030628,150.0,0.003162
0.0072048744055780685,150.0,0.003652
0.0069826669296375885,150.0,0.004217
0.00724286493948819,150.0,0.00487
0.018677564184780625,150.0,0.005623
0.014802455702270489,150.0,0.006494
0.013133572793674282,150.0,0.007499
0.009809168664749311,150.0,0.00866
0.02157511475742592,150.0,0.01
0.006601464578162558,150.0,0.011548
0.03234988498864437,150.0,0.013335
0.0156637276921745,150.0,0.015399
0.020778430481297877,150.0,0.017783
0.0610966224981791,150.0,0.020535
0.046176555106770406,150.0,0.023714
0.013667120301619899,150.0,0.027384
0.012451766793336308,150.0,0.031623
0.013956227403765092,150.0,0.036517
0.01108876449045153,150.0,0.04217
0.006122311627627369,150.0,0.048697
0.008086862999814953,150.0,0.056234
1.0992421017037255,150.0,0.064938
0.005563448753573122,150.0,0.074989
0.005822817235939412,150.0,0.086596
0.013286780202750767,150.0,0.1
0.008974778243922843,160.0,0.0001
0.008569432695087536,160.0,0.000115
0.007824843347825463,160.0,0.000133
0.008880534321485412,160.0,0.000154
0.007442648606912599,160.0,0.000178
0.00725411630525546,160.0,0.000205
0.006380042556351658,160.0,0.000237
0.006975875063794793,160.0,0.000274
0.006236375501378034,160.0,0.000316
0.006712701758338493,160.0,0.000365
0.006064876803090515,160.0,0.000422
0.00630463140510501,160.0,0.000487
0.0064694886433466,160.0,0.000562
0.0057925592296923034,160.0,0.000649
0.006478213402707791,160.0,0.00075
0.0052986936051826325,160.0,0.000866
0.005267660226130434,160.0,0.001
0.004896141843754699,160.0,0.001155
0.0068037641967728935,160.0,0.001334
0.004947425038945723,160.0,0.00154
0.006944923939627936,160.0,0.001778
0.008240512211384735,160.0,0.002054
0.005495265577712426,160.0,0.002371
0.00755564071329915,160.0,0.002738
0.008428367478667204,160.0,0.003162
0.007743554805247993,160.0,0.003652
0.008134777841730367,160.0,0.004217
0.006829298490614762,160.0,0.00487
0.00863018445188044,160.0,0.005623
0.010971945475918109,160.0,0.006494
0.016043225250687018,160.0,0.007499
0.005936761262490461,160.0,0.00866
0.00914790325546958,160.0,0.01
0.031836533720854585,160.0,0.011548
0.007625070061164214,160.0,0.013335
0.015505488796929872,160.0,0.015399
0.014564817924108167,160.0,0.017783
0.008372703715257557,160.0,0.020535
0.08538432416541912,160.0,0.023714
0.07377940289745791,160.0,0.027384
0.009363271007043672,160.0,0.031623
0.011842853198281924,160.0,0.036517
0.05986605755675872,160.0,0.04217
0.009796580446566882,160.0,0.048697
0.006791823958495646,160.0,0.056234
0.012506380190882868,160.0,0.064938
0.006959866100571317,160.0,0.074989
0.006511624117522381,160.0,0.086596
0.005061573850928308,160.0,0.1
0.008693587157808661,170.0,0.0001
0.008101177518163628,170.0,0.000115
0.008029858755431489,170.0,0.000133
0.007829188741730546,170.0,0.000154
0.00781917754537445,170.0,0.000178
0.007862349686543727,170.0,0.000205
0.007344199940108991,170.0,0.000237
0.006618315361648641,170.0,0.000274
0.006472849738862564,170.0,0.000316
0.006305674062740486,170.0,0.000365
0.0059250221386307105,170.0,0.000422
0.006335236744090465,170.0,0.000487
0.005592503238361783,170.0,0.000562
0.006171814377738613,170.0,0.000649
0.006066211518806941,170.0,0.00075
0.00569764215473098,170.0,0.000866
0.006359517488467859,170.0,0.001
0.005947588746098658,170.0,0.001155
0.006353378160419062,170.0,0.001334
0.004633815707599024,170.0,0.00154
0.00543138820343336,170.0,0.001778
0.0053377451710850095,170.0,0.002054
0.00843119250437866,170.0,0.002371
0.0052063449858404135,170.0,0.002738
0.009300145719548812,170.0,0.003162
0.009089497844554442,170.0,0.003652
0.006996924499787272,170.0,0.004217
0.006999366863944936,170.0,0.00487
0.008377865207501207,170.0,0.005623
0.006367438941268123,170.0,0.006494
0.008956417032767944,170.0,0.007499
0.010548046301947776,170.0,0.00866
0.006715445534860293,170.0,0.01
0.012147359614757311,170.0,0.011548
0.008108176421758324,170.0,0.013335
0.014144378664011652,170.0,0.015399
0.015903426934653367,170.0,0.017783
0.004879901517983558,170.0,0.020535
0.01179451491697176,170.0,0.023714
0.014936008430591416,170.0,0.027384
0.05455964999262414,170.0,0.031623
0.004858057200429772,170.0,0.036517
0.017886925500741724,170.0,0.04217
0.011744967810580015,170.0,0.048697
0.20612042307106085,170.0,0.056234
0.007665050077429607,170.0,0.064938
0.07032728470955028,170.0,0.074989
0.005053668135835961,170.0,0.086596
0.0067306329814915125,170.0,0.1
0.00885525123498923,180.0,0.0001
0.008691211548444419,180.0,0.000115
0.008035447940011377,180.0,0.000133
0.007825646487108446,180.0,0.000154
0.0076019254005876245,180.0,0.000178
0.007361103752091717,180.0,0.000205
0.006444244088223815,180.0,0.000237
0.006981349627135439,180.0,0.000274
0.00694920542860817,180.0,0.000316
0.005971899626350857,180.0,0.000365
0.00614255301098664,180.0,0.000422
0.005950753350190359,180.0,0.000487
0.005595542149152436,180.0,0.000562
0.004965082633513037,180.0,0.000649
0.006608638762971741,180.0,0.00075
0.005414646703286237,180.0,0.000866
0.005594296740765635,180.0,0.001
0.006271238250534096,180.0,0.001155
0.004882942602240259,180.0,0.001334
0.005892755528646398,180.0,0.00154
0.00685843213600872,180.0,0.001778
0.005475160280935694,180.0,0.002054
0.005588523958212382,180.0,0.002371
0.005214541511289055,180.0,0.002738
0.009235716344246064,180.0,0.003162
0.005261109781575231,180.0,0.003652
0.00834930486283514,180.0,0.004217
0.009044244275812042,180.0,0.00487
0.008725644731143166,180.0,0.005623
0.017252421041956286,180.0,0.006494
0.008297493882476534,180.0,0.007499
0.006218847976895275,180.0,0.00866
0.00925843213825518,180.0,0.01
0.00780942493504988,180.0,0.011548
0.004839737100010775,180.0,0.013335
0.006175123563556821,180.0,0.015399
0.024046750211965045,180.0,0.017783
0.01566953598469052,180.0,0.020535
0.005839223522583721,180.0,0.023714
0.052539483716905803,180.0,0.027384
0.007557375082900982,180.0,0.031623
0.02183538759617341,180.0,0.036517
0.04034430468500117,180.0,0.04217
0.040900717510070975,180.0,0.048697
0.03534751949911972,180.0,0.056234
0.011237286384119227,180.0,0.064938
0.01968099346802565,180.0,0.074989
0.16766980053673367,180.0,0.086596
0.3673213233211651,180.0,0.1
0.00805748975620399,190.0,0.0001
0.008392053339931838,190.0,0.000115
0.008060906476153165,190.0,0.000133
0.007733548760220809,190.0,0.000154
0.0073652903366247975,190.0,0.000178
0.007233250808803205,190.0,0.000205
0.006066504308415124,190.0,0.000237
0.006824575623044816,190.0,0.000274
0.006395797440141303,190.0,0.000316
0.006510163343479776,190.0,0.000365
0.006134334141079605,190.0,0.000422
0.005709161059102678,190.0,0.000487
0.00633007212952339,190.0,0.000562
0.006302624170533331,190.0,0.000649
0.006094607145143638,190.0,0.00075
0.004756648485945407,190.0,0.000866
0.006507086473702513,190.0,0.001
0.00506322146670951,190.0,0.001155
0.00611001561346263,190.0,0.001334
0.006476786812858042,190.0,0.00154
0.0059781201636258585,190.0,0.001778
0.007602984225577249,190.0,0.002054
0.008539796539569657,190.0,0.002371
0.005197459087807703,190.0,0.002738
0.008600213170752935,190.0,0.003162
0.0053967307170907875,190.0,0.003652
0.009024312249907364,190.0,0.004217
0.00976395860591295,190.0,0.00487
0.007176932691416198,190.0,0.005623
0.016427520095340396,190.0,0.006494
0.009223903702698237,190.0,0.007499
0.016174129197647494,190.0,0.00866
0.008388540736634259,190.0,0.01
0.012546116331565764,190.0,0.011548
0.007472536688795733,190.0,0.013335
0.014730469247858138,190.0,0.015399
0.00836540035475338,190.0,0.017783
0.04141050308243747,190.0,0.020535
0.009559347044428504,190.0,0.023714
0.010530315967593606,190.0,0.027384
0.006561022487132313,190.0,0.031623
0.10773502253968781,190.0,0.036517
0.08721909295791426,190.0,0.04217
0.1552872266909597,190.0,0.048697
0.01225869434265002,190.0,0.056234
1.3509198843656443,190.0,0.064938
0.00697780917594076,190.0,0.074989
0.005801788761361529,190.0,0.086596
0.010512908724593635,190.0,0.1
0.008522576216383968,200.0,0.0001
0.008773762173017959,200.0,0.000115
0.00730599714336458,200.0,0.000133
0.007588233436093736,200.0,0.000154
0.006741424003147861,200.0,0.000178
0.006625489769273415,200.0,0.000205
0.007502463442632425,200.0,0.000237
0.005970020022192497,200.0,0.000274
0.006517193309360359,200.0,0.000316
0.006506483246334716,200.0,0.000365
0.0063551562982124095,200.0,0.000422
0.006211885424068863,200.0,0.000487
0.0051306017889377435,200.0,0.000562
0.005868952460836308,200.0,0.000649
0.005078688715089999,200.0,0.00075
0.007227318504671214,200.0,0.000866
0.006163576899519124,200.0,0.001
0.0044585927392626085,200.0,0.001155
0.0068070802228083595,200.0,0.001334
0.006172970547100569,200.0,0.00154
0.0068523328824212784,200.0,0.001778
0.007179574820381441,200.0,0.002054
0.008390966538911785,200.0,0.002371
0.00951860748547815,200.0,0.002738
0.00476141448961393,200.0,0.003162
0.008869231822992237,200.0,0.003652
0.0064703385150619115,200.0,0.004217
0.006287779394616308,200.0,0.00487
0.01363552260988895,200.0,0.005623
0.011536932130264221,200.0,0.006494
0.006585016639041769,200.0,0.007499
0.0070594532015193735,200.0,0.00866
0.03127385614150056,200.0,0.01
0.00641881851295976,200.0,0.011548
0.019840455976091322,200.0,0.013335
0.029652112484333568,200.0,0.015399
0.010695195245577454,200.0,0.017783
0.007010818437145374,200.0,0.020535
0.02130108243695208,200.0,0.023714
0.006529510143005641,200.0,0.027384
0.008331236558354474,200.0,0.031623
0.11282639112059954,200.0,0.036517
0.007680550440135082,200.0,0.04217
0.006714208221930235,200.0,0.048697
0.007077536152848347,200.0,0.056234
0.00740907939921942,200.0,0.064938
0.03519157864854118,200.0,0.074989
0.011477300322367837,200.0,0.086596
0.013894396775503892,200.0,0.1
0.008330413469528163,210.0,0.0001
0.008594115103905486,210.0,0.000115
0.007607766063114148,210.0,0.000133
0.0075142634228105324,210.0,0.000154
0.007909695386883506,210.0,0.000178
0.007830134514940112,210.0,0.000205
0.006335563103600196,210.0,0.000237
0.005872110314993892,210.0,0.000274
0.006417764943514939,210.0,0.000316
0.006057195673907327,210.0,0.000365
0.005845522823362766,210.0,0.000422
0.005740410148343385,210.0,0.000487
0.005144157765187247,210.0,0.000562
0.006084829203237669,210.0,0.000649
0.006266053682464151,210.0,0.00075
0.006126942882737243,210.0,0.000866
0.006705978032091882,210.0,0.001
0.005091730820569601,210.0,0.001155
0.005708722778964086,210.0,0.001334
0.007942735118870003,210.0,0.00154
0.004442681503476059,210.0,0.001778
0.005538655744207674,210.0,0.002054
0.012908767649059738,210.0,0.002371
0.007821404895308175,210.0,0.002738
0.02488399088646608,210.0,0.003162
0.007856069777927062,210.0,0.003652
0.01198556567939653,210.0,0.004217
0.01580887992498115,210.0,0.00487
0.008721810105178569,210.0,0.005623
0.008358762202958602,210.0,0.006494
0.006576798616379674,210.0,0.007499
0.009971811813132746,210.0,0.00866
0.006800330506356843,210.0,0.01
0.011552367582713113,210.0,0.011548
0.015133129281424412,210.0,0.013335
0.012117988826311302,210.0,0.015399
0.007325496793287656,210.0,0.017783
0.02932222506380169,210.0,0.020535
0.005899811017123624,210.0,0.023714
0.04563995736867821,210.0,0.027384
0.3809140255729057,210.0,0.031623
0.2644424153537279,210.0,0.036517
0.03693037729982743,210.0,0.04217
0.26023436496146385,210.0,0.048697
0.017081340351047324,210.0,0.056234
0.012197738250952517,210.0,0.064938
0.4238497087724396,210.0,0.074989
0.009550056169109956,210.0,0.086596
5.247787020145619,210.0,0.1
0.007991734323022123,220.0,0.0001
0.007347828553920553,220.0,0.000115
0.007152064296973001,220.0,0.000133
0.007058541801076502,220.0,0.000154
0.0064666300119934845,220.0,0.000178
0.007134201036725323,220.0,0.000205
0.005849990907682043,220.0,0.000237
0.0057858460052177055,220.0,0.000274
0.006179168267575055,220.0,0.000316
0.005954401084869671,220.0,0.000365
0.005937807151854588,220.0,0.000422
0.005118111011218578,220.0,0.000487
0.006338369560657701,220.0,0.000562
0.00597823720897605,220.0,0.000649
0.0074351527469231765,220.0,0.00075
0.005644061539117245,220.0,0.000866
0.004899852137110109,220.0,0.001
0.006123422327047122,220.0,0.001155
0.006587051097646805,220.0,0.001334
0.007348956886767569,220.0,0.00154
0.006382287316762235,220.0,0.001778
0.006559728524877684,220.0,0.002054
0.008598132953124648,220.0,0.002371
0.008554245653152086,220.0,0.002738
0.007052583433551917,220.0,0.003162
0.005657282643492856,220.0,0.003652
0.014723076795294748,220.0,0.004217
0.005681718907925196,220.0,0.00487
0.008744706501377696,220.0,0.005623
0.00824181383164529,220.0,0.006494
0.005847519161537706,220.0,0.007499
0.010919214949663686,220.0,0.00866
0.0064048118748020995,220.0,0.01
0.016548638193942866,220.0,0.011548
0.051014307391563284,220.0,0.013335
0.010391985244403946,220.0,0.015399
0.03253270567500848,220.0,0.017783
0.010476064492640503,220.0,0.020535
0.010478795731198386,220.0,0.023714
0.01132454371348108,220.0,0.027384
0.11944684827294327,220.0,0.031623
0.007459649938709879,220.0,0.036517
0.03742732290200288,220.0,0.04217
0.011537016577048686,220.0,0.048697
0.005635037518922775,220.0,0.056234
0.9113490107181245,220.0,0.064938
0.0074851473406410225,220.0,0.074989
0.005204676777834057,220.0,0.086596
0.0056426163045122865,220.0,0.1
0.008340559167702566,230.0,0.0001
0.007467951755719485,230.0,0.000115
0.007568290937707751,230.0,0.000133
0.007545931328815882,230.0,0.000154
0.00679674107004852,230.0,0.000178
0.006109871277791504,230.0,0.000205
0.006652984185947015,230.0,0.000237
0.005741436546123105,230.0,0.000274
0.007125565204756143,230.0,0.000316
0.0063420830238737165,230.0,0.000365
0.006578582150399724,230.0,0.000422
0.005501051506896343,230.0,0.000487
0.006227469153699966,230.0,0.000562
0.006272151434773676,230.0,0.000649
0.005891761470022418,230.0,0.00075
0.0061870938730074375,230.0,0.000866
0.0066064110518510655,230.0,0.001
0.006707154490239793,230.0,0.001155
0.0050925793249214394,230.0,0.001334
0.005502609224070462,230.0,0.00154
0.007573024417323875,230.0,0.001778
0.00813213556404349,230.0,0.002054
0.007946494498979946,230.0,0.002371
0.012791861662744042,230.0,0.002738
0.008285585532409788,230.0,0.003162
0.016759356670271223,230.0,0.003652
0.008914919168834192,230.0,0.004217
0.004977246228764308,230.0,0.00487
0.00703466277323399,230.0,0.005623
0.025349399341220397,230.0,0.006494
0.015509344646082342,230.0,0.007499
0.008632030426450353,230.0,0.00866
0.009927073366317032,230.0,0.01
0.012301066263812952,230.0,0.011548
0.007970572270715967,230.0,0.013335
0.01090046948344633,230.0,0.015399
0.009473897290916201,230.0,0.017783
0.1770216731048456,230.0,0.020535
0.020440778927295598,230.0,0.023714
0.022794071023098883,230.0,0.027384
0.5281316202394342,230.0,0.031623
0.013885519113227116,230.0,0.036517
0.011182695288544495,230.0,0.04217
0.009916966235098452,230.0,0.048697
0.008746611918476926,230.0,0.056234
0.006294414749407416,230.0,0.064938
4.234776488735349,230.0,0.074989
0.004965538578833453,230.0,0.086596
0.09345533169542786,230.0,0.1
0.0077595156347021734,240.0,0.0001
0.007603744681247616,240.0,0.000115
0.007016207453605505,240.0,0.000133
0.006274864285862123,240.0,0.000154
0.0073292147168548495,240.0,0.000178
0.0062683618031232095,240.0,0.000205
0.007403590884743338,240.0,0.000237
0.005527746671179906,240.0,0.000274
0.006048732925258594,240.0,0.000316
0.005909383161706969,240.0,0.000365
0.005316822072915086,240.0,0.000422
0.006087910153132835,240.0,0.000487
0.006136156498368332,240.0,0.000562
0.006064862231549049,240.0,0.000649
0.007393266187510845,240.0,0.00075
0.006026119824936439,240.0,0.000866
0.00805914895455917,240.0,0.001
0.007266562585546939,240.0,0.001155
0.007785980078983866,240.0,0.001334
0.00839531932523937,240.0,0.00154
0.004644143390260516,240.0,0.001778
0.005057045976696548,240.0,0.002054
0.00854989550788532,240.0,0.002371
0.007052011405723274,240.0,0.002738
0.006702515670307426,240.0,0.003162
0.007759915174477053,240.0,0.003652
0.008271027507069153,240.0,0.004217
0.007012022241247782,240.0,0.00487
0.01078013992701927,240.0,0.005623
0.005684454764075271,240.0,0.006494
0.011118723008467175,240.0,0.007499
0.011610698927936092,240.0,0.00866
0.01391437889379214,240.0,0.01
0.023164695521954895,240.0,0.011548
0.012303593164550902,240.0,0.013335
0.016868232084414812,240.0,0.015399
0.013287078498266054,240.0,0.017783
0.017037383932237426,240.0,0.020535
0.00782010501236456,240.0,0.023714
0.008782507097473208,240.0,0.027384
0.011659631109819114,240.0,0.031623
0.028085571676391297,240.0,0.036517
0.007957429115753872,240.0,0.04217
0.00712644382619725,240.0,0.048697
0.5617618424434419,240.0,0.056234
0.016142931477865812,240.0,0.064938
2.7755651669952144,240.0,0.074989
0.0069921998398997836,240.0,0.086596
0.006622670101905176,240.0,0.1
0.007483909698383473,250.0,0.0001
0.006842425091809326,250.0,0.000115
0.0065146398264814874,250.0,0.000133
0.006744286113158062,250.0,0.000154
0.006730723021935209,250.0,0.000178
0.006750636672990892,250.0,0.000205
0.006199011397965931,250.0,0.000237
0.006227254996157391,250.0,0.000274
0.005907038168648013,250.0,0.000316
0.005524940499497914,250.0,0.000365
0.005996423474756512,250.0,0.000422
0.005277080124388093,250.0,0.000487
0.005341959159891183,250.0,0.000562
0.00620064698760141,250.0,0.000649
0.005485702252453313,250.0,0.00075
0.007053368140461834,250.0,0.000866
0.005232317668297989,250.0,0.001
0.006322701560393812,250.0,0.001155
0.007205289887333675,250.0,0.001334
0.004951121742246515,250.0,0.00154
0.0057917741965285985,250.0,0.001778
0.010031025182325078,250.0,0.002054
0.007553498280639714,250.0,0.002371
0.008644348801923279,250.0,0.002738
0.010442039968677803,250.0,0.003162
0.011691774519258591,250.0,0.003652
0.006399191876549904,250.0,0.004217
0.012360057868395604,250.0,0.00487
0.0100761769169178,250.0,0.005623
0.005522210925252874,250.0,0.006494
0.008680092859900375,250.0,0.007499
0.0077462462486238845,250.0,0.00866
0.03712534455831159,250.0,0.01
0.021978270213731606,250.0,0.011548
0.016869741094300134,250.0,0.013335
0.011110702343500237,250.0,0.015399
0.014468276771777285,250.0,0.017783
0.02065398214596264,250.0,0.020535
0.011750669185660971,250.0,0.023714
0.009389838381440217,250.0,0.027384
0.028028896392807496,250.0,0.031623
0.008933417681776383,250.0,0.036517
0.02300150709638989,250.0,0.04217
0.011619184800456263,250.0,0.048697
0.008968332190511076,250.0,0.056234
0.009979502953714496,250.0,0.064938
0.010278994693835494,250.0,0.074989
0.005175270517337623,250.0,0.086596
4.484624605218366,250.0,0.1
0.007475638058093272,260.0,0.0001
0.007364511412571239,260.0,0.000115
0.007029148436534529,260.0,0.000133
0.007053271102948062,260.0,0.000154
0.0065876721465707765,260.0,0.000178
0.005675887261477233,260.0,0.000205
0.006574901729665505,260.0,0.000237
0.005941152340139426,260.0,0.000274
0.006762596953568237,260.0,0.000316
0.005996453835710287,260.0,0.000365
0.006242745134320101,260.0,0.000422
0.0067313000913547085,260.0,0.000487
0.006562375761703439,260.0,0.000562
0.006911955189899715,260.0,0.000649
0.005109505684433937,260.0,0.00075
0.005102693554146685,260.0,0.000866
0.006645570385176158,260.0,0.001
0.00597909443633577,260.0,0.001155
0.005396135191414041,260.0,0.001334
0.0059485880181486895,260.0,0.00154
0.006688973328697636,260.0,0.001778
0.010390981450104496,260.0,0.002054
0.008254338550483867,260.0,0.002371
0.011199989413351553,260.0,0.002738
0.005483079633133836,260.0,0.003162
0.018943293701248035,260.0,0.003652
0.01113612874422685,260.0,0.004217
0.010969300275147581,260.0,0.00487
0.007586997850103849,260.0,0.005623
0.016152780414767552,260.0,0.006494
0.011599855644861252,260.0,0.007499
0.017963835218672588,260.0,0.00866
0.020821692548251922,260.0,0.01
0.014648825939522098,260.0,0.011548
0.05656508519802409,260.0,0.013335
0.012962472412489004,260.0,0.015399
0.013974094596185592,260.0,0.017783
0.009846055049219546,260.0,0.020535
0.02396204445004775,260.0,0.023714
0.011246126997563416,260.0,0.027384
0.022084253593425748,260.0,0.031623
0.1240943693397678,260.0,0.036517
0.010792112911123308,260.0,0.04217
0.022254639809825668,260.0,0.048697
0.05525514324893571,260.0,0.056234
0.00776709587760728,260.0,0.064938
1.925187722328485,260.0,0.074989
0.007175295916596253,260.0,0.086596
0.008841619576276974,260.0,0.1
0.007921742017789052,270.0,0.0001
0.007794489322485335,270.0,0.000115
0.006898524722934296,270.0,0.000133
0.006871510611404946,270.0,0.000154
0.006443166577976891,270.0,0.000178
0.006463270017293333,270.0,0.000205
0.005652556367570651,270.0,0.000237
0.005780135721229734,270.0,0.000274
0.0063987769102868824,270.0,0.000316
0.006355922663473274,270.0,0.000365
0.006754116074604512,270.0,0.000422
0.005787291754712213,270.0,0.000487
0.006424567233401335,270.0,0.000562
0.006058025518119577,270.0,0.000649
0.006579814660527341,270.0,0.00075
0.006139619075053479,270.0,0.000866
0.004924029938058661,270.0,0.001
0.006221317722390294,270.0,0.001155
0.007819742207846403,270.0,0.001334
0.007222386306368415,270.0,0.00154
0.00746957535140804,270.0,0.001778
0.006158979562154406,270.0,0.002054
0.010478685315678806,270.0,0.002371
0.007015312166373705,270.0,0.002738
0.0074515680643494125,270.0,0.003162
0.0073381981114056735,270.0,0.003652
0.010102135419357791,270.0,0.004217
0.009398745783985293,270.0,0.00487
0.009895473902940273,270.0,0.005623
0.01179864968303409,270.0,0.006494
0.013346093727191498,270.0,0.007499
0.013556631664012045,270.0,0.00866
0.011699732863858914,270.0,0.01
0.007876921781500233,270.0,0.011548
0.15924016025900925,270.0,0.013335
0.00891818688274885,270.0,0.015399
0.023045603411973103,270.0,0.017783
0.09779823025246792,270.0,0.020535
0.18839874758449804,270.0,0.023714
0.23265449863919205,270.0,0.027384
0.02060706149727976,270.0,0.031623
0.008753670897533152,270.0,0.036517
0.01065824841762683,270.0,0.04217
0.03408652640926426,270.0,0.048697
0.1435718604285105,270.0,0.056234
0.008337894760749675,270.0,0.064938
0.08073650333106606,270.0,0.074989
0.006724682693542819,270.0,0.086596
0.008171089960533635,270.0,0.1
0.007589866554516641,280.0,0.0001
0.006459251484655572,280.0,0.000115
0.006943105064157612,280.0,0.000133
0.007144944035161743,280.0,0.000154
0.0069309824951258895,280.0,0.000178
0.006345191654431078,280.0,0.000205
0.006378210410914183,280.0,0.000237
0.006486770109753828,280.0,0.000274
0.006556532658961684,280.0,0.000316
0.005570443101337994,280.0,0.000365
0.005734925462803385,280.0,0.000422
0.006478196915585162,280.0,0.000487
0.006210523253164229,280.0,0.000562
0.0064990815113543585,280.0,0.000649
0.005916664076083454,280.0,0.00075
0.006253761401004515,280.0,0.000866
0.006739549705505796,280.0,0.001
0.007013957018806495,280.0,0.001155
0.00769415741676662,280.0,0.001334
0.0072447732028078525,280.0,0.00154
0.008259172784512816,280.0,0.001778
0.008817716595759894,280.0,0.002054
0.007713122699197508,280.0,0.002371
0.008786858509835578,280.0,0.002738
0.0065095745350726405,280.0,0.003162
0.005599489908897585,280.0,0.003652
0.011801517121509822,280.0,0.004217
0.012852755894104182,280.0,0.00487
0.02610617331974101,280.0,0.005623
0.011172683158908065,280.0,0.006494
0.04180863978649624,280.0,0.007499
0.011030224952698111,280.0,0.00866
0.00923289972750965,280.0,0.01
0.008405679724742869,280.0,0.011548
0.03470189496294141,280.0,0.013335
0.008718834356365399,280.0,0.015399
0.00742173114979931,280.0,0.017783
0.01192930859605139,280.0,0.020535
0.017510980256717188,280.0,0.023714
0.04731454333763149,280.0,0.027384
0.03044007669274014,280.0,0.031623
0.0074245233196059655,280.0,0.036517
0.009414621826082077,280.0,0.04217
0.01578956062720338,280.0,0.048697
0.010395772381837781,280.0,0.056234
0.013343977119505348,280.0,0.064938
0.039569294364032205,280.0,0.074989
0.017272829799513254,280.0,0.086596
0.00607218541750375,280.0,0.1
0.008225452038898571,290.0,0.0001
0.007217774501951693,290.0,0.000115
0.007147028438014979,290.0,0.000133
0.006239402896328004,290.0,0.000154
0.006138034282400888,290.0,0.000178
0.006712681869428652,290.0,0.000205
0.006297094711285554,290.0,0.000237
0.007071196443690482,290.0,0.000274
0.005295886851801633,290.0,0.000316
0.005582305166985477,290.0,0.000365
0.006029261192382577,290.0,0.000422
0.006285930443320587,290.0,0.000487
0.006081160450747404,290.0,0.000562
0.006121660968947702,290.0,0.000649
0.009805111207038907,290.0,0.00075
0.0061972214105117775,290.0,0.000866
0.006540261602713964,290.0,0.001
0.008421613685190432,290.0,0.001155
0.005695140630190103,290.0,0.001334
0.007421038903378512,290.0,0.00154
0.00437705632501642,290.0,0.001778
0.007179101877152895,290.0,0.002054
0.007185496528972741,290.0,0.002371
0.007949373441704249,290.0,0.002738
0.01178031632520432,290.0,0.003162
0.007540630485158192,290.0,0.003652
0.011350755668940086,290.0,0.004217
0.011453531293271946,290.0,0.00487
0.008549957767958931,290.0,0.005623
0.008440358041104414,290.0,0.006494
0.020271977050362797,290.0,0.007499
0.008517881984404509,290.0,0.00866
0.011793033250502627,290.0,0.01
0.0074660437728956384,290.0,0.011548
0.3443999657015881,290.0,0.013335
0.056429300216224186,290.0,0.015399
0.5175978656103041,290.0,0.017783
0.019933269599699394,290.0,0.020535
0.010425629287045811,290.0,0.023714
0.05496899662623054,290.0,0.027384
0.023939206773380364,290.0,0.031623
0.0095839203441008,290.0,0.036517
0.012478938749163533,290.0,0.04217
0.0062092718135503475,290.0,0.048697
0.005311028456968663,290.0,0.056234
0.27573296001575687,290.0,0.064938
0.06385464394538334,290.0,0.074989
0.007469470668520317,290.0,0.086596
0.007693003189729414,290.0,0.1
0.007403286627239095,300.0,0.0001
0.007141063248421121,300.0,0.000115
0.007932573757451178,300.0,0.000133
0.00682262140093091,300.0,0.000154
0.006096027004052371,300.0,0.000178
0.006179107873738415,300.0,0.000205
0.005495152774527946,300.0,0.000237
0.0058775639497703645,300.0,0.000274
0.00656029592278405,300.0,0.000316
0.00593028291130698,300.0,0.000365
0.006085634034164084,300.0,0.000422
0.005012582265031333,300.0,0.000487
0.0056291712514832115,300.0,0.000562
0.006806196437970935,300.0,0.000649
0.006554694976935502,300.0,0.00075
0.00732475020836703,300.0,0.000866
0.006238130595096691,300.0,0.001
0.006916396799736477,300.0,0.001155
0.006706051074720234,300.0,0.001334
0.005231840278392608,300.0,0.00154
0.0059092490966087255,300.0,0.001778
0.005328953240883359,300.0,0.002054
0.005964866068599338,300.0,0.002371
0.0055512746108169995,300.0,0.002738
0.015529319087958902,300.0,0.003162
0.021103254499299295,300.0,0.003652
0.006253012523743552,300.0,0.004217
0.007206809095574129,300.0,0.00487
0.011994604444146692,300.0,0.005623
0.008097745782481151,300.0,0.006494
0.015266213995592567,300.0,0.007499
0.011943377317863537,300.0,0.00866
0.04769086950655335,300.0,0.01
0.08954434835203497,300.0,0.011548
0.08092580075364136,300.0,0.013335
0.014897040158136884,300.0,0.015399
0.006888227936791774,300.0,0.017783
0.01174046900070823,300.0,0.020535
0.08445647677819428,300.0,0.023714
0.0705595523176027,300.0,0.027384
0.006289109533948973,300.0,0.031623
0.4766230241919202,300.0,0.036517
0.05032046216097192,300.0,0.04217
0.006561124639598651,300.0,0.048697
0.0049752133848212825,300.0,0.056234
0.01969606362896432,300.0,0.064938
0.7516879227860365,300.0,0.074989
5.329980214458369,300.0,0.086596
0.00919607226978631,300.0,0.1
0.007444414346889497,310.0,0.0001
0.007281590119194006,310.0,0.000115
0.006912026220895322,310.0,0.000133
0.006498219146888931,310.0,0.000154
0.006791121476986103,310.0,0.000178
0.00584683467697944,310.0,0.000205
0.005682009520679032,310.0,0.000237
0.005868832060864123,310.0,0.000274
0.006272567249497203,310.0,0.000316
0.0060006903749846435,310.0,0.000365
0.00588212948370104,310.0,0.000422
0.008942618999235125,310.0,0.000487
0.006682870182978647,310.0,0.000562
0.006527863586089008,310.0,0.000649
0.007062635219723425,310.0,0.00075
0.006807487739357546,310.0,0.000866
0.0069285204889446275,310.0,0.001
0.006189155533274912,310.0,0.001155
0.006933589844785524,310.0,0.001334
0.007889636900623392,310.0,0.00154
0.005443532620014437,310.0,0.001778
0.006539211322189043,310.0,0.002054
0.01516532488828195,310.0,0.002371
0.00991546014301084,310.0,0.002738
0.0076357321142171775,310.0,0.003162
0.008209113041079207,310.0,0.003652
0.01116738817035553,310.0,0.004217
0.01418030439628585,310.0,0.00487
0.01379698769215055,310.0,0.005623
0.008377841941682224,310.0,0.006494
0.008944061672662847,310.0,0.007499
0.01532328505759279,310.0,0.00866
0.007989501360296079,310.0,0.01
0.023180145980549415,310.0,0.011548
0.016760852209959733,310.0,0.013335
0.04634317090245605,310.0,0.015399
0.06576389276075775,310.0,0.017783
0.009802946338199498,310.0,0.020535
0.3178122216495344,310.0,0.023714
0.015125628969716516,310.0,0.027384
0.008891440105333328,310.0,0.031623
0.010171235175982856,310.0,0.036517
0.009200727551229788,310.0,0.04217
0.005366727731310395,310.0,0.048697
0.008506945427506062,310.0,0.056234
0.39067178121321144,310.0,0.064938
0.006690911963115633,310.0,0.074989
0.00784182166324362,310.0,0.086596
0.008225350682461567,310.0,0.1
0.007973440953084557,320.0,0.0001
0.0064406308771980956,320.0,0.000115
0.007429285397024654,320.0,0.000133
0.006656448136448522,320.0,0.000154
0.005916432337450814,320.0,0.000178
0.007776478898835735,320.0,0.000205
0.005959801126132547,320.0,0.000237
0.006123170212426378,320.0,0.000274
0.006174469969824852,320.0,0.000316
0.006120617271968305,320.0,0.000365
0.00496248559014292,320.0,0.000422
0.005213525784790035,320.0,0.000487
0.006369667090722467,320.0,0.000562
0.00515232168711906,320.0,0.000649
0.005217871341926013,320.0,0.00075
0.006881194048037714,320.0,0.000866
0.0044400642487175705,320.0,0.001
0.006186103299126944,320.0,0.001155
0.006628530112585465,320.0,0.001334
0.007121238935608412,320.0,0.00154
0.007266002148760705,320.0,0.001778
0.008752603424326147,320.0,0.002054
0.007360658731754742,320.0,0.002371
0.004489086317196695,320.0,0.002738
0.008750356980120498,320.0,0.003162
0.006757372407265784,320.0,0.003652
0.007883035547458945,320.0,0.004217
0.014538847355028998,320.0,0.00487
0.01922695601357594,320.0,0.005623
0.010481317944234332,320.0,0.006494
0.010575456801727591,320.0,0.007499
0.10234242925715864,320.0,0.00866
0.007890652518752038,320.0,0.01
0.013726498626127398,320.0,0.011548
0.008642164255636561,320.0,0.013335
0.15453961081435644,320.0,0.015399
0.05589909626102584,320.0,0.017783
0.006469055965070005,320.0,0.020535
0.011941515144392907,320.0,0.023714
0.007767703358771701,320.0,0.027384
0.024247554350632552,320.0,0.031623
0.008915545486683456,320.0,0.036517
0.07722605622327519,320.0,0.04217
0.3352665793278676,320.0,0.048697
0.01449204317954983,320.0,0.056234
0.0634126288481827,320.0,0.064938
0.007674938222732723,320.0,0.074989
4.988014111434334,320.0,0.086596
0.00587515863777564,320.0,0.1
0.007039599072697106,330.0,0.0001
0.006901380358815043,330.0,0.000115
0.006322875013699472,330.0,0.000133
0.006565613854409986,330.0,0.000154
0.00678003065148369,330.0,0.000178
0.005998358344652376,330.0,0.000205
0.0052434234017074725,330.0,0.000237
0.005658079225929993,330.0,0.000274
0.006100620884298279,330.0,0.000316
0.005964510552138321,330.0,0.000365
0.006002748141097393,330.0,0.000422
0.006617811562790273,330.0,0.000487
0.007579517887601232,330.0,0.000562
0.006476825924939994,330.0,0.000649
0.005877328070445549,330.0,0.00075
0.005337903715788431,330.0,0.000866
0.0068522908901875275,330.0,0.001
0.00786017637300449,330.0,0.001155
0.00495105459913064,330.0,0.001334
0.009049561369599037,330.0,0.00154
0.013351427211545988,330.0,0.001778
0.009000263866789348,330.0,0.002054
0.005794193129131896,330.0,0.002371
0.0066410687739179505,330.0,0.002738
0.01202532526814018,330.0,0.003162
0.006991663715719063,330.0,0.003652
0.006308621009284078,330.0,0.004217
0.01490654013685388,330.0,0.00487
0.012337440622828544,330.0,0.005623
0.01086834818448625,330.0,0.006494
0.01988441369738751,330.0,0.007499
0.012584008388700193,330.0,0.00866
0.005899785301933333,330.0,0.01
0.00702689325842195,330.0,0.011548
0.010482115796390759,330.0,0.013335
0.008505219233000494,330.0,0.015399
0.27771332789213765,330.0,0.017783
0.0226981027186456,330.0,0.020535
0.007224349827669416,330.0,0.023714
0.029804280930739196,330.0,0.027384
0.23165297096029,330.0,0.031623
0.007989605996426964,330.0,0.036517
0.1307124737933728,330.0,0.04217
0.30030490848766345,330.0,0.048697
0.2764882756787681,330.0,0.056234
0.00556222333791065,330.0,0.064938
0.020627683499824193,330.0,0.074989
0.005384587647556838,330.0,0.086596
0.010168883352004998,330.0,0.1
0.0071038194906805135,340.0,0.0001
0.007363501105692853,340.0,0.000115
0.0065856543037557625,340.0,0.000133
0.0072191334471305236,340.0,0.000154
0.006027314417868964,340.0,0.000178
0.00651391626244605,340.0,0.000205
0.005272748492342175,340.0,0.000237
0.0061406453809717465,340.0,0.000274
0.0050504783877055185,340.0,0.000316
0.005051362427621498,340.0,0.000365
0.006601195646499203,340.0,0.000422
0.006901868815813199,340.0,0.000487
0.006442299982699837,340.0,0.000562
0.00501707312879238,340.0,0.000649
0.005031772216976927,340.0,0.00075
0.006133121736295257,340.0,0.000866
0.006589494713522059,340.0,0.001
0.00907917929581728,340.0,0.001155
0.009949145160102042,340.0,0.001334
0.008203711838441654,340.0,0.00154
0.007917388717952329,340.0,0.001778
0.009880268009016561,340.0,0.002054
0.008405930159449548,340.0,0.002371
0.0064780391577070676,340.0,0.002738
0.00914907444012414,340.0,0.003162
0.016861809612558495,340.0,0.003652
0.021700248648779452,340.0,0.004217
0.010549556174263022,340.0,0.00487
0.010057273425461734,340.0,0.005623
0.00798625998888095,340.0,0.006494
0.046895443525248576,340.0,0.007499
0.0960531124443863,340.0,0.00866
0.007775458789242041,340.0,0.01
0.05355881465985485,340.0,0.011548
0.011222323116048845,340.0,0.013335
0.007971229167739754,340.0,0.015399
0.009505153530980122,340.0,0.017783
0.0362946563648715,340.0,0.020535
0.0035587890332224935,340.0,0.023714
0.014604637856625455,340.0,0.027384
0.02137477281320166,340.0,0.031623
0.05141573153625365,340.0,0.036517
0.08157457350271817,340.0,0.04217
0.0076984975720843325,340.0,0.048697
0.009278791570613771,340.0,0.056234
0.007816329008932747,340.0,0.064938
0.005166445735161163,340.0,0.074989
0.005138147495647411,340.0,0.086596
0.005528130282180626,340.0,0.1
0.007028684668942137,350.0,0.0001
0.007024324074785086,350.0,0.000115
0.006133265390207982,350.0,0.000133
0.007099216844114693,350.0,0.000154
0.006238345556515081,350.0,0.000178
0.005710695605149672,350.0,0.000205
0.006055306873805135,350.0,0.000237
0.006026497747019251,350.0,0.000274
0.005452467070247637,350.0,0.000316
0.006101847117015201,350.0,0.000365
0.007298991152323475,350.0,0.000422
0.00649242151601166,350.0,0.000487
0.006510813675716137,350.0,0.000562
0.005556018434173338,350.0,0.000649
0.005180996505086423,350.0,0.00075
0.007036979337549806,350.0,0.000866
0.013316139053680313,350.0,0.001
0.00734737750363122,350.0,0.001155
0.008930273208092357,350.0,0.001334
0.008810762356312132,350.0,0.00154
0.004051413499434637,350.0,0.001778
0.007775591954971514,350.0,0.002054
0.012221728424023961,350.0,0.002371
0.005241077325508,350.0,0.002738
0.01034261067577868,350.0,0.003162
0.006363113962260581,350.0,0.003652
0.009453123088654111,350.0,0.004217
0.009204641829372553,350.0,0.00487
0.016467786676253354,350.0,0.005623
0.025365593170334908,350.0,0.006494
0.027932382580534376,350.0,0.007499
0.009219786204250511,350.0,0.00866
0.030037747811748627,350.0,0.01
0.0058269432153980755,350.0,0.011548
0.013296475808781358,350.0,0.013335
0.01262511005951415,350.0,0.015399
0.014405885189610793,350.0,0.017783
0.16555017978025016,350.0,0.020535
0.008714062086416839,350.0,0.023714
0.010244288928501802,350.0,0.027384
0.026706678061538484,350.0,0.031623
0.2891825871621138,350.0,0.036517
0.005268163078502725,350.0,0.04217
0.08864216567870009,350.0,0.048697
0.013096752172397896,350.0,0.056234
0.007914625069855638,350.0,0.064938
0.022208919337180905,350.0,0.074989
0.0057846448579225475,350.0,0.086596
0.10940043228687929,350.0,0.1
0.007697034960382567,360.0,0.0001
0.0064787855037410766,360.0,0.000115
0.00636822236045894,360.0,0.000133
0.005946280947548504,360.0,0.000154
0.006960496876172776,360.0,0.000178
0.006070411082816217,360.0,0.000205
0.005833269137416822,360.0,0.000237
0.006349421784693841,360.0,0.000274
0.005502015509692651,360.0,0.000316
0.006256742359078738,360.0,0.000365
0.006516863022921086,360.0,0.000422
0.005380190922151122,360.0,0.000487
0.006938691591686616,360.0,0.000562
0.00504482407430274,360.0,0.000649
0.007009439656694265,360.0,0.00075
0.007743826761613874,360.0,0.000866
0.006900594219607994,360.0,0.001
0.006329449324544664,360.0,0.001155
0.0077166851495079625,360.0,0.001334
0.004756382301806202,360.0,0.00154
0.008553652612967364,360.0,0.001778
0.004113712021322934,360.0,0.002054
0.007747209517762162,360.0,0.002371
0.015241859524516626,360.0,0.002738
0.008664256032753255,360.0,0.003162
0.00598438147338242,360.0,0.003652
0.007973064389339877,360.0,0.004217
0.007120946689744723,360.0,0.00487
0.025017942518661494,360.0,0.005623
0.00459901417697836,360.0,0.006494
0.03706314823675456,360.0,0.007499
0.00803692594939377,360.0,0.00866
0.006073858226899411,360.0,0.01
0.12735752331896494,360.0,0.011548
0.16054154967111886,360.0,0.013335
0.038082049706018216,360.0,0.015399
0.12220162335349011,360.0,0.017783
0.07051878251223896,360.0,0.020535
0.16850592366966677,360.0,0.023714
0.013431576205845862,360.0,0.027384
0.010860138695266627,360.0,0.031623
0.008706938406767733,360.0,0.036517
0.02848075249406096,360.0,0.04217
0.04014130995485669,360.0,0.048697
0.029564813142625615,360.0,0.056234
0.5807513603895941,360.0,0.064938
17.023772333817664,360.0,0.074989
0.006307356082292141,360.0,0.086596
0.0051226610910371645,360.0,0.1
0.0076765888701020545,370.0,0.0001
0.006154214379261595,370.0,0.000115
0.00640088358263333,370.0,0.000133
0.006920957842852908,370.0,0.000154
0.006452808204296781,370.0,0.000178
0.006620864313192264,370.0,0.000205
0.0058423993112633075,370.0,0.000237
0.006084749383007859,370.0,0.000274
0.006529108178784079,370.0,0.000316
0.005761986427171877,370.0,0.000365
0.006182227631353115,370.0,0.000422
0.006902013397674565,370.0,0.000487
0.006487100330918149,370.0,0.000562
0.005418838890687204,370.0,0.000649
0.0070769821125360385,370.0,0.00075
0.007043800936992284,370.0,0.000866
0.005686140519755253,370.0,0.001
0.007491747191965593,370.0,0.001155
0.006863743050774181,370.0,0.001334
0.012785010777745132,370.0,0.00154
0.008600155118441278,370.0,0.001778
0.008298976215423665,370.0,0.002054
0.009244259903451933,370.0,0.002371
0.009053269461881078,370.0,0.002738
0.03372795371837234,370.0,0.003162
0.010897728434897757,370.0,0.003652
0.008232246947431616,370.0,0.004217
0.019768198751373058,370.0,0.00487
0.02066962310779276,370.0,0.005623
0.005764834247983208,370.0,0.006494
0.013489549176329831,370.0,0.007499
0.010518887522151488,370.0,0.00866
0.007101969900453487,370.0,0.01
0.021453239295335463,370.0,0.011548
0.007428788473179573,370.0,0.013335
0.013549384336758327,370.0,0.015399
0.01865166934493694,370.0,0.017783
0.012387821845692842,370.0,0.020535
0.011680673202087129,370.0,0.023714
0.25321109442469886,370.0,0.027384
0.07630980491641126,370.0,0.031623
0.01423919550833067,370.0,0.036517
0.7965791126700491,370.0,0.04217
0.008116322632252036,370.0,0.048697
0.016202246561203146,370.0,0.056234
0.0077405939173622,370.0,0.064938
0.010001731443130215,370.0,0.074989
0.005129469507996671,370.0,0.086596
0.03183215779601329,370.0,0.1
0.00803084781878014,380.0,0.0001
0.00682860963021138,380.0,0.000115
0.0058780213028066545,380.0,0.000133
0.005931995267482371,380.0,0.000154
0.005631822043464997,380.0,0.000178
0.005636594648568263,380.0,0.000205
0.0058070706771363905,380.0,0.000237
0.00599439426783942,380.0,0.000274
0.006176070317940124,380.0,0.000316
0.0056910351711740095,380.0,0.000365
0.007736704591287555,380.0,0.000422
0.005714474235937642,380.0,0.000487
0.0064064142558904955,380.0,0.000562
0.004738727571733141,380.0,0.000649
0.008153774093730533,380.0,0.00075
0.004721921411456516,380.0,0.000866
0.006965687642492811,380.0,0.001
0.006084785972443861,380.0,0.001155
0.008383273816071925,380.0,0.001334
0.007274426605527806,380.0,0.00154
0.005388646846263036,380.0,0.001778
0.008824936291495526,380.0,0.002054
0.006466612804635838,380.0,0.002371
0.010633671863005012,380.0,0.002738
0.009927706817641309,380.0,0.003162
0.01347582684667511,380.0,0.003652
0.0068160116642011345,380.0,0.004217
0.00847583132955877,380.0,0.00487
0.010192688618803847,380.0,0.005623
0.00951008891911629,380.0,0.006494
0.013763977061367866,380.0,0.007499
0.007192470719451484,380.0,0.00866
0.005734066492900814,380.0,0.01
0.13230409764318415,380.0,0.011548
0.11424246479140866,380.0,0.013335
0.2428170452672839,380.0,0.015399
0.01136016605513193,380.0,0.017783
0.09066120916822369,380.0,0.020535
0.7187634535241068,380.0,0.023714
0.04147675043065568,380.0,0.027384
0.006560803841695509,380.0,0.031623
0.012542476456174692,380.0,0.036517
1.0232608486847794,380.0,0.04217
1.1391354719873485,380.0,0.048697
0.08757772552127208,380.0,0.056234
0.008970787080140074,380.0,0.064938
5.829171746589389,380.0,0.074989
0.022976028362677786,380.0,0.086596
1.178582370637334,380.0,0.1
0.0069520407557809305,390.0,0.0001
0.006797074905263487,390.0,0.000115
0.006359804356409912,390.0,0.000133
0.006357172916740077,390.0,0.000154
0.005435826941237227,390.0,0.000178
0.005999636869428782,390.0,0.000205
0.00613430422552166,390.0,0.000237
0.004795030726592543,390.0,0.000274
0.0060473264320848735,390.0,0.000316
0.006497645760856398,390.0,0.000365
0.00712659510117955,390.0,0.000422
0.005548274300489226,390.0,0.000487
0.006737902949582119,390.0,0.000562
0.00639047381735969,390.0,0.000649
0.006973506771070581,390.0,0.00075
0.004477604339298762,390.0,0.000866
0.0074451214931652195,390.0,0.001
0.00588624341458251,390.0,0.001155
0.007099840046100735,390.0,0.001334
0.005833482087272933,390.0,0.00154
0.010355186130524613,390.0,0.001778
0.007644352065960314,390.0,0.002054
0.010901305890521087,390.0,0.002371
0.005243104745241503,390.0,0.002738
0.01640994881343659,390.0,0.003162
0.011294550347194626,390.0,0.003652
0.008591268159211246,390.0,0.004217
0.009649477647103367,390.0,0.00487
0.00922928145043751,390.0,0.005623
0.008320495944241347,390.0,0.006494
0.011137897628430643,390.0,0.007499
0.008819276512693987,390.0,0.00866
0.02895073333929467,390.0,0.01
0.008254498614507562,390.0,0.011548
0.011482728281440951,390.0,0.013335
0.009086577638575837,390.0,0.015399
0.0058910906619684756,390.0,0.017783
0.028605637852835517,390.0,0.020535
0.07361705935451321,390.0,0.023714
0.0836012348140552,390.0,0.027384
0.04254632242426171,390.0,0.031623
0.025327911927166862,390.0,0.036517
0.006290359817377655,390.0,0.04217
0.3231692771164027,390.0,0.048697
0.7170173436949933,390.0,0.056234
0.05343164988223265,390.0,0.064938
0.012465761607506775,390.0,0.074989
0.39157357513402463,390.0,0.086596
0.006517559010277563,390.0,0.1
0.007099156682037789,400.0,0.0001
0.006128800922006949,400.0,0.000115
0.00599714053906083,400.0,0.000133
0.00612015392584081,400.0,0.000154
0.006524772089658098,400.0,0.000178
0.006245079569819604,400.0,0.000205
0.005623117717228601,400.0,0.000237
0.005490521126252832,400.0,0.000274
0.005948307065562624,400.0,0.000316
0.006865390416088646,400.0,0.000365
0.006461940509284673,400.0,0.000422
0.005691283751279312,400.0,0.000487
0.00637959368361999,400.0,0.000562
0.0047787796044317385,400.0,0.000649
0.0064086773345691135,400.0,0.00075
0.00576828502679238,400.0,0.000866
0.006094877358185547,400.0,0.001
0.006817970830506964,400.0,0.001155
0.011506110761510412,400.0,0.001334
0.01368877442599003,400.0,0.00154
0.009094143736661038,400.0,0.001778
0.012041645798401899,400.0,0.002054
0.006234880725967846,400.0,0.002371
0.008031260263309975,400.0,0.002738
0.010088437879747676,400.0,0.003162
0.00978608081721303,400.0,0.003652
0.007702645958818103,400.0,0.004217
0.012944377819551565,400.0,0.00487
0.008046579727509698,400.0,0.005623
0.009634638820739313,400.0,0.006494
0.07506700441740714,400.0,0.007499
0.030332695658624804,400.0,0.00866
0.005549937309189526,400.0,0.01
0.008453313421351584,400.0,0.011548
0.012885104564744648,400.0,0.013335
0.008902854888582813,400.0,0.015399
0.005625018882012462,400.0,0.017783
0.0632181705369461,400.0,0.020535
0.01160122819123349,400.0,0.023714
0.015947426265656386,400.0,0.027384
0.00963202654538012,400.0,0.031623
0.007550485252602222,400.0,0.036517
0.24411570172269823,400.0,0.04217
0.0922347029936519,400.0,0.048697
0.007134323845366609,400.0,0.056234
0.006795070494952509,400.0,0.064938
0.007904885074748904,400.0,0.074989
0.0056272129729239085,400.0,0.086596
0.006125843669834816,400.0,0.1
0.006863220418730535,410.0,0.0001
0.006583045975879514,410.0,0.000115
0.005950974149532552,410.0,0.000133
0.006225456224226498,410.0,0.000154
0.005929359624041365,410.0,0.000178
0.005593987333740305,410.0,0.000205
0.006131745855273204,410.0,0.000237
0.006408027902730083,410.0,0.000274
0.006422315446585118,410.0,0.000316
0.005195020743895804,410.0,0.000365
0.007020901368737019,410.0,0.000422
0.004699275627712444,410.0,0.000487
0.007318720805153199,410.0,0.000562
0.007478837724225323,410.0,0.000649
0.010406769551468712,410.0,0.00075
0.005396689980488627,410.0,0.000866
0.006778213691884798,410.0,0.001
0.007822934570401683,410.0,0.001155
0.008270769478192101,410.0,0.001334
0.010533540452717448,410.0,0.00154
0.00706883618304487,410.0,0.001778
0.00724092037177683,410.0,0.002054
0.015480871410196509,410.0,0.002371
0.008838009087096392,410.0,0.002738
0.009870797323024191,410.0,0.003162
0.01318841026726227,410.0,0.003652
0.004875494423283163,410.0,0.004217
0.013361169702606179,410.0,0.00487
0.011777418635081754,410.0,0.005623
0.011018506171123274,410.0,0.006494
0.005220756911215312,410.0,0.007499
0.017681482219254016,410.0,0.00866
0.01534611803914781,410.0,0.01
0.05606291230873173,410.0,0.011548
0.017545434385175064,410.0,0.013335
0.014635577151649167,410.0,0.015399
0.032543802214613206,410.0,0.017783
0.046256758620021245,410.0,0.020535
0.38365166223022906,410.0,0.023714
0.01895861079638018,410.0,0.027384
0.013659060770868864,410.0,0.031623
0.0263418342678927,410.0,0.036517
0.007559151034972715,410.0,0.04217
0.00809015960613362,410.0,0.048697
0.08286179167992212,410.0,0.056234
0.38491681393221544,410.0,0.064938
0.3730257561869951,410.0,0.074989
0.007102896163631187,410.0,0.086596
0.0068850980853936245,410.0,0.1
0.006178467785714121,420.0,0.0001
0.006225142909479053,420.0,0.000115
0.006234492192503077,420.0,0.000133
0.006543214013842996,420.0,0.000154
0.0062215783857536636,420.0,0.000178
0.005806103631362944,420.0,0.000205
0.005363103789557439,420.0,0.000237
0.005366410806103814,420.0,0.000274
0.006227302241191901,420.0,0.000316
0.005359893814285594,420.0,0.000365
0.006129969542688445,420.0,0.000422
0.00575510545888296,420.0,0.000487
0.005553863054926945,420.0,0.000562
0.005974444727229384,420.0,0.000649
0.008015440394070854,420.0,0.00075
0.004751753247228192,420.0,0.000866
0.008291508420994001,420.0,0.001
0.015858642127430995,420.0,0.001155
0.010642795713937073,420.0,0.001334
0.00909954711980829,420.0,0.00154
0.0063210571281979286,420.0,0.001778
0.007161859511991776,420.0,0.002054
0.009805867108339807,420.0,0.002371
0.010300221623688363,420.0,0.002738
0.007184728052507953,420.0,0.003162
0.01155316273528501,420.0,0.003652
0.00905913458064407,420.0,0.004217
0.007174119254018309,420.0,0.00487
0.0063791691953158265,420.0,0.005623
0.005184537775048982,420.0,0.006494
0.019124387946187493,420.0,0.007499
0.009346962318900228,420.0,0.00866
0.021214367152542397,420.0,0.01
0.025560442570997908,420.0,0.011548
0.017437744740138438,420.0,0.013335
0.00911973934317051,420.0,0.015399
0.007048074166274824,420.0,0.017783
0.009339986666531002,420.0,0.020535
0.00884833321241432,420.0,0.023714
0.34149259249447894,420.0,0.027384
2.7155271130595597,420.0,0.031623
0.007938598151815789,420.0,0.036517
0.013274576133984672,420.0,0.04217
0.020818886160022136,420.0,0.048697
0.00589163364155459,420.0,0.056234
0.3964752892121453,420.0,0.064938
0.017601732297129094,420.0,0.074989
0.006111662055817199,420.0,0.086596
0.03810497653428011,420.0,0.1
0.006726837659679588,430.0,0.0001
0.006530855373802981,430.0,0.000115
0.005815357452152878,430.0,0.000133
0.00565383800690195,430.0,0.000154
0.0057326595753942585,430.0,0.000178
0.00567271986967579,430.0,0.000205
0.005480436659268419,430.0,0.000237
0.0060155855718976,430.0,0.000274
0.005612327670522515,430.0,0.000316
0.007256361428940439,430.0,0.000365
0.00663692538257805,430.0,0.000422
0.004755610498693876,430.0,0.000487
0.006785704459028082,430.0,0.000562
0.007376250655260618,430.0,0.000649
0.0052651241627870785,430.0,0.00075
0.004223636650449736,430.0,0.000866
0.0078266164539027,430.0,0.001
0.009839973001589139,430.0,0.001155
0.008062691659203225,430.0,0.001334
0.010287711309710222,430.0,0.00154
0.00964235514201531,430.0,0.001778
0.01546499559912737,430.0,0.002054
0.012460025121265117,430.0,0.002371
0.007237883037512869,430.0,0.002738
0.009374848335796585,430.0,0.003162
0.01522387090519045,430.0,0.003652
0.024043992124628783,430.0,0.004217
0.028068496634574027,430.0,0.00487
0.025907051063535202,430.0,0.005623
0.009661362465340917,430.0,0.006494
0.013235943948177578,430.0,0.007499
0.015713832963198213,430.0,0.00866
0.008957418851118263,430.0,0.01
0.023789159755718214,430.0,0.011548
0.026994158577903382,430.0,0.013335
0.013628836815362965,430.0,0.015399
0.010237188688648736,430.0,0.017783
0.01535708399494566,430.0,0.020535
0.006587672070274824,430.0,0.023714
0.011463113873437313,430.0,0.027384
0.007639540512877275,430.0,0.031623
0.009046136280611664,430.0,0.036517
0.009894311218246023,430.0,0.04217
0.008842992312489696,430.0,0.048697
0.010982848503668853,430.0,0.056234
0.0038714643842937472,430.0,0.064938
0.009577172496751012,430.0,0.074989
0.005405772576423137,430.0,0.086596
0.10461547598320807,430.0,0.1
0.006721415725130911,440.0,0.0001
0.006133669211301232,440.0,0.000115
0.006063338449082116,440.0,0.000133
0.005930042783786897,440.0,0.000154
0.005528432791616821,440.0,0.000178
0.005911445716223834,440.0,0.000205
0.005733368620930247,440.0,0.000237
0.005560493657873418,440.0,0.000274
0.00609774392230309,440.0,0.000316
0.005885733608825934,440.0,0.000365
0.006815485598980427,440.0,0.000422
0.006698477561069885,440.0,0.000487
0.0057412906460301,440.0,0.000562
0.0072481384800779204,440.0,0.000649
0.007414729585680215,440.0,0.00075
0.007396926493882573,440.0,0.000866
0.007545513668454574,440.0,0.001
0.006071839528547816,440.0,0.001155
0.0077370121040889655,440.0,0.001334
0.00920344120712712,440.0,0.00154
0.005552936582236862,440.0,0.001778
0.011663784573347628,440.0,0.002054
0.006910482202658187,440.0,0.002371
0.00951264906795169,440.0,0.002738
0.014476970070180556,440.0,0.003162
0.009958047402467632,440.0,0.003652
0.025602329241280714,440.0,0.004217
0.008048830923955228,440.0,0.00487
0.006881392398852275,440.0,0.005623
0.014980240465878439,440.0,0.006494
0.005801515398866381,440.0,0.007499
0.004834647040017691,440.0,0.00866
0.009001646491487205,440.0,0.01
0.010715510789880927,440.0,0.011548
0.17868603691846427,440.0,0.013335
0.1439569651027277,440.0,0.015399
0.007250674251000733,440.0,0.017783
0.008175581034219843,440.0,0.020535
0.010418613874704934,440.0,0.023714
0.013363542445455326,440.0,0.027384
0.17066652230280735,440.0,0.031623
0.741696354053906,440.0,0.036517
0.04063321022312508,440.0,0.04217
0.007992110195921236,440.0,0.048697
1.1569066258263456,440.0,0.056234
0.035583670774914485,440.0,0.064938
0.005962711572414336,440.0,0.074989
11.7904866363696,440.0,0.086596
0.7021556171846051,440.0,0.1
0.007685631992482619,450.0,0.0001
0.006713046733297828,450.0,0.000115
0.007900688410361135,450.0,0.000133
0.005792673634672902,450.0,0.000154
0.006847801932761698,450.0,0.000178
0.005928540676710197,450.0,0.000205
0.005882810786241793,450.0,0.000237
0.005841407227201935,450.0,0.000274
0.004777401885672533,450.0,0.000316
0.0055320127023987704,450.0,0.000365
0.00694908301483487,450.0,0.000422
0.004377325666732052,450.0,0.000487
0.005114279824893378,450.0,0.000562
0.007385196599780488,450.0,0.000649
0.0090163520778163,450.0,0.00075
0.008130988711378854,450.0,0.000866
0.007807565091432991,450.0,0.001
0.007881137638914758,450.0,0.001155
0.007747367847836614,450.0,0.001334
0.009563058919467555,450.0,0.00154
0.0059814898879260135,450.0,0.001778
0.006519928287664304,450.0,0.002054
0.01235622058758877,450.0,0.002371
0.01246091310730739,450.0,0.002738
0.02145277619766604,450.0,0.003162
0.008076585217313302,450.0,0.003652
0.011094720714294815,450.0,0.004217
0.019297501111500085,450.0,0.00487
0.019466379966008935,450.0,0.005623
0.00619496222415685,450.0,0.006494
0.006382902213533884,450.0,0.007499
0.01361374387190944,450.0,0.00866
0.00461667063749908,450.0,0.01
0.20276405446324694,450.0,0.011548
0.011748353697899297,450.0,0.013335
0.029927715899847978,450.0,0.015399
0.014465477496370463,450.0,0.017783
0.06885367115138442,450.0,0.020535
0.07358482114790525,450.0,0.023714
0.011294329049445126,450.0,0.027384
0.7349413814316853,450.0,0.031623
0.0044989541036314995,450.0,0.036517
3.1470148931359776,450.0,0.04217
0.8342636654736593,450.0,0.048697
0.00694322849613838,450.0,0.056234
0.0051855174063667785,450.0,0.064938
12.70133344355225,450.0,0.074989
0.006969368872016986,450.0,0.086596
0.00713607245384905,450.0,0.1
0.006816584989838979,460.0,0.0001
0.006431473543981892,460.0,0.000115
0.006502326751012096,460.0,0.000133
0.005627783568937853,460.0,0.000154
0.006393940790980602,460.0,0.000178
0.006312098993093963,460.0,0.000205
0.004976218413223815,460.0,0.000237
0.005857401302524846,460.0,0.000274
0.005903446975285936,460.0,0.000316
0.005282619208824997,460.0,0.000365
0.006498892782465476,460.0,0.000422
0.006934420988277706,460.0,0.000487
0.008586577221088175,460.0,0.000562
0.006546507496280607,460.0,0.000649
0.0047574409780738675,460.0,0.00075
0.007131705346443709,460.0,0.000866
0.0050207907636767345,460.0,0.001
0.007104322488761004,460.0,0.001155
0.008533880491779047,460.0,0.001334
0.004290215529328826,460.0,0.00154
0.004232283926521213,460.0,0.001778
0.01105501809296909,460.0,0.002054
0.007163452169672913,460.0,0.002371
0.006339016153316948,460.0,0.002738
0.02522922646142028,460.0,0.003162
0.008698583853466077,460.0,0.003652
0.02656848785491509,460.0,0.004217
0.007489570298666994,460.0,0.00487
0.0072986165788410376,460.0,0.005623
0.00762225533220725,460.0,0.006494
0.008684295529559532,460.0,0.007499
0.013664446262387315,460.0,0.00866
0.03857290888756607,460.0,0.01
0.026463910657316864,460.0,0.011548
0.012850558494187538,460.0,0.013335
0.01786683290948347,460.0,0.015399
0.01680037949415141,460.0,0.017783
0.37181436076159774,460.0,0.020535
0.015873790733526145,460.0,0.023714
0.007050626608252589,460.0,0.027384
0.009810478699284681,460.0,0.031623
0.7344321234097545,460.0,0.036517
2.652744637978198,460.0,0.04217
0.044792110147994856,460.0,0.048697
0.008160905873272048,460.0,0.056234
0.009931642310284629,460.0,0.064938
5.899918931966791,460.0,0.074989
0.005253649044958176,460.0,0.086596
0.19458035983950905,460.0,0.1
0.006210605454122234,470.0,0.0001
0.005680559695222854,470.0,0.000115
0.006816324337264874,470.0,0.000133
0.005911254568434926,470.0,0.000154
0.00556890979636894,470.0,0.000178
0.005379536341889535,470.0,0.000205
0.005606729983995689,470.0,0.000237
0.0054114854910826266,470.0,0.000274
0.006476873153919598,470.0,0.000316
0.006386834442985143,470.0,0.000365
0.006431421732560083,470.0,0.000422
0.006512003766606219,470.0,0.000487
0.006706016495223489,470.0,0.000562
0.007440531032748565,470.0,0.000649
0.00761914871479828,470.0,0.00075
0.00652595893660938,470.0,0.000866
0.006674271055312525,470.0,0.001
0.006452360397705884,470.0,0.001155
0.008680787264705477,470.0,0.001334
0.006418778151415423,470.0,0.00154
0.006333369428660775,470.0,0.001778
0.010993241198006183,470.0,0.002054
0.010952682857799864,470.0,0.002371
0.008908051964639695,470.0,0.002738
0.01423293346831768,470.0,0.003162
0.007863624361511973,470.0,0.003652
0.006789205380860156,470.0,0.004217
0.016775760379941714,470.0,0.00487
0.017894073626271514,470.0,0.005623
0.00540392389198651,470.0,0.006494
0.0069385465540080515,470.0,0.007499
0.015978972580010197,470.0,0.00866
0.032210567392012106,470.0,0.01
0.03404002637373523,470.0,0.011548
0.009682639929663657,470.0,0.013335
0.00888232204317827,470.0,0.015399
0.45923381342305936,470.0,0.017783
0.027899024384390476,470.0,0.020535
0.009946062517630435,470.0,0.023714
0.00780435210644465,470.0,0.027384
0.019361953252975628,470.0,0.031623
0.006390472732675866,470.0,0.036517
0.016533747427726675,470.0,0.04217
0.01010046863690534,470.0,0.048697
0.007571904026133638,470.0,0.056234
2.400461392883885,470.0,0.064938
27.12355020180462,470.0,0.074989
0.006934228666030668,470.0,0.086596
0.006126183489778479,470.0,0.1
0.006062480543814138,480.0,0.0001
0.005830845078928931,480.0,0.000115
0.005837138916209809,480.0,0.000133
0.00591429728451336,480.0,0.000154
0.006108390933322674,480.0,0.000178
0.006147072807579382,480.0,0.000205
0.0067583780987570076,480.0,0.000237
0.005262450465840903,480.0,0.000274
0.006853027781460509,480.0,0.000316
0.008554286816560156,480.0,0.000365
0.00641595221576778,480.0,0.000422
0.005802842926804923,480.0,0.000487
0.0048588068841929144,480.0,0.000562
0.01075547084180045,480.0,0.000649
0.005420158917392959,480.0,0.00075
0.008865271232116117,480.0,0.000866
0.007979206677220583,480.0,0.001
0.00492525731742757,480.0,0.001155
0.007522954713742698,480.0,0.001334
0.007729628316050187,480.0,0.00154
0.009195579239893356,480.0,0.001778
0.005725496571716667,480.0,0.002054
0.01087098955228982,480.0,0.002371
0.009774684551147305,480.0,0.002738
0.008495710977235298,480.0,0.003162
0.019385155334768978,480.0,0.003652
0.016151708923158925,480.0,0.004217
0.008110959128997489,480.0,0.00487
0.036380653590465516,480.0,0.005623
0.012102980468874909,480.0,0.006494
0.006495364549426101,480.0,0.007499
0.08596437261513847,480.0,0.00866
0.01506975344714423,480.0,0.01
0.0179207299689635,480.0,0.011548
0.04334216684842821,480.0,0.013335
0.016377300787803726,480.0,0.015399
0.008032569870838576,480.0,0.017783
0.387541321642451,480.0,0.020535
0.34129296095982786,480.0,0.023714
0.010213626241977221,480.0,0.027384
0.8237415797290913,480.0,0.031623
0.00548782141681325,480.0,0.036517
0.008419594544345432,480.0,0.04217
2.602351722869775,480.0,0.048697
0.006683416348161214,480.0,0.056234
0.02210915663910962,480.0,0.064938
0.007104263332556107,480.0,0.074989
0.021132878855160117,480.0,0.086596
0.010590024821846858,480.0,0.1
0.00615451096370721,490.0,0.0001
0.0060073520593552894,490.0,0.000115
0.006274984539690727,490.0,0.000133
0.005981629256220685,490.0,0.000154
0.0056602253388477256,490.0,0.000178
0.006184134728104821,490.0,0.000205
0.006109223735829746,490.0,0.000237
0.005886316604222407,490.0,0.000274
0.0057264174063764,490.0,0.000316
0.005284493617985661,490.0,0.000365
0.005489348329921062,490.0,0.000422
0.006572964850827659,490.0,0.000487
0.006020120417611984,490.0,0.000562
0.005460320293633421,490.0,0.000649
0.0073678324619718795,490.0,0.00075
0.006281103506728165,490.0,0.000866
0.0068362684412992475,490.0,0.001
0.005420766506300555,490.0,0.001155
0.01214053166169709,490.0,0.001334
0.007167914897810243,490.0,0.00154
0.005380916348083698,490.0,0.001778
0.013045996760911602,490.0,0.002054
0.008652522490997669,490.0,0.002371
0.015116649734747056,490.0,0.002738
0.01148115850628296,490.0,0.003162
0.006217069715462678,490.0,0.003652
0.009659567630219851,490.0,0.004217
0.01912514813067531,490.0,0.00487
0.02205279032378811,490.0,0.005623
0.02261419557969394,490.0,0.006494
0.01082479762845255,490.0,0.007499
0.007683917700828255,490.0,0.00866
0.013077906227566742,490.0,0.01
0.03276810445159256,490.0,0.011548
0.02624834156331664,490.0,0.013335
0.19893958975539938,490.0,0.015399
0.033644540950449366,490.0,0.017783
0.007211833166346803,490.0,0.020535
0.03422973898420383,490.0,0.023714
0.05093594311563532,490.0,0.027384
0.2363616562817966,490.0,0.031623
0.015709684504706195,490.0,0.036517
0.8413678397963239,490.0,0.04217
0.02427191639584737,490.0,0.048697
7.27649287417717,490.0,0.056234
0.011039208027615035,490.0,0.064938
0.005823470913319545,490.0,0.074989
0.006527110798991229,490.0,0.086596
0.007202590439681547,490.0,0.1
0.005540832354416826,500.0,0.0001
0.0055950823538665805,500.0,0.000115
0.00613569341284127,500.0,0.000133
0.005507098053547794,500.0,0.000154
0.005881802945510176,500.0,0.000178
0.005584034366662088,500.0,0.000205
0.005807575697414636,500.0,0.000237
0.00501905195311302,500.0,0.000274
0.007286366646907501,500.0,0.000316
0.004969362856074896,500.0,0.000365
0.006735508473653924,500.0,0.000422
0.006456125095187411,500.0,0.000487
0.005473911513159583,500.0,0.000562
0.005697896320810488,500.0,0.000649
0.005708273174149393,500.0,0.00075
0.005964420149100817,500.0,0.000866
0.006015140062200682,500.0,0.001
0.011418646480240956,500.0,0.001155
0.00575844956752548,500.0,0.001334
0.009026179617218279,500.0,0.00154
0.009499981395317903,500.0,0.001778
0.006919626714316862,500.0,0.002054
0.015512766346035581,500.0,0.002371
0.01076537891948865,500.0,0.002738
0.01684690228819347,500.0,0.003162
0.006797122235446801,500.0,0.003652
0.01338327047768742,500.0,0.004217
0.027762371698166654,500.0,0.00487
0.03375132338241266,500.0,0.005623
0.026167773307223308,500.0,0.006494
0.029762342022561408,500.0,0.007499
0.016441538840955318,500.0,0.00866
0.012784806482605375,500.0,0.01
0.008622630363122543,500.0,0.011548
0.008498699713568187,500.0,0.013335
0.005102842860924005,500.0,0.015399
0.009164227808917935,500.0,0.017783
0.20268839784527137,500.0,0.020535
0.0067331180185168605,500.0,0.023714
0.012044092565312206,500.0,0.027384
0.8995715807104494,500.0,0.031623
0.01169598687673822,500.0,0.036517
0.028414170654533295,500.0,0.04217
0.00715934496963333,500.0,0.048697
1.525367981480235,500.0,0.056234
0.007453622681327157,500.0,0.064938
0.009356961324200415,500.0,0.074989
0.06919394744185912,500.0,0.086596
0.11752726189440027,500.0,0.1
